Unnamed: 0,N2+virus.1,N2+virus.2,N2+virus.3,N2+virus.4,JU1580+virus.1,JU1580+virus.2,JU1580+virus.3,rde-1+virus.1,rde-1+virus.2,rde-1+virus.3,Input,Suggested Match,History
cpr-3,-0.420451319,-0.354208336,-0.123279118,-0.142607301,2.210232089,1.842990518,1.624674621,0.07844729,-0.297631719,0.166629603,cpr-3,WBGene00000783,Public name for WBGene00000783. History: N.A.
clec-174,-0.164724115,-0.05702585,-0.17900799,-0.323427214,4.661453999,4.079134463,4.229405722,-0.047362359,0.187324365,0.542047303,clec-174,WBGene00021580,Public name for WBGene00021580. History: N.A.
F26F2.4,4.942519835,5.207733857,4.123960806,4.480427459,-0.167289986,-0.212911643,-0.203414265,4.889453466,6.221014822,5.20162781,F26F2.4,WBGene00009169,Public name for WBGene00009169. History: N.A.
F26F2.2,3.177151057,4.553789987,3.164118906,3.17981792,-0.407483007,-0.186626616,-0.335213737,4.292263799,4.641372408,5.37267972,F26F2.2,WBGene00009167,"Public name for WBGene00009167. History: Split into F26F2.13(WBGene00219309). History of WBGene00009167: Split into ""WBGene00219309"" on 2011-10-27"
F26F2.5,3.516416185,3.820877717,3.111920645,3.004654726,-0.045732124,-0.030690251,-0.15575105,3.163808542,3.49002846,4.01656698,F26F2.5,WBGene00009170,Public name for WBGene00009170. History: N.A.
nlp-28,-1.608894393,-1.219374026,-1.364291833,-0.879045883,-0.02229038,-0.565938556,-0.552931371,-0.718573246,-0.4898815,-0.82002327,nlp-28,WBGene00003766,Public name for WBGene00003766. History: N.A.
F07H5.4,-1.380670633,-0.778452765,-1.028172452,-0.882937077,0.573396636,0.649485515,2.200920831,-0.615935971,-0.517760722,-0.503532999,F07H5.4,WBGene00014308,Public name for WBGene00014308. History: N.A.
T26F2.2,0.503920359,0.907774895,0.694461716,0.997498445,0.426797831,0.321602483,0.658341784,1.116281334,0.922472958,1.088976935,T26F2.2,WBGene00012058,"Public name for WBGene00012058. History: Split into eol-1(WBGene00045401). History of WBGene00012058: Split into ""WBGene00045401"" on 2007-04-27"
rrn-3.1,1.341401665,1.227175945,1.284552682,1.129979724,-0.714232306,-0.156398332,-0.61524262,-0.760102051,-0.089321693,-1.053755313,rrn-3.1,WBGene00004622,Public name for WBGene00004622. History: N.A.
col-120,-0.22237715,-1.464386054,0.470299096,0.093569536,-1.02159114,-1.112202863,-1.77411929,-0.527554624,-0.449907647,-0.593922286,col-120,WBGene00000694,Public name for WBGene00000694. History: N.A.
dpy-6,-0.768904146,0.300219969,-0.251847824,-0.177681093,0.920097978,1.855051748,1.454407063,0.865463295,0.913716441,0.706266193,dpy-6,WBGene00001068,Public name for WBGene00001068. History: N.A.
F53H10.2,-0.430276544,-0.39003805,-0.281587517,-0.296518676,0.457323009,0.785301243,1.92958675,0.334422473,-0.693034989,0.191554794,F53H10.2,WBGene00010012,Sequence name for WBGene00010012(saeg-1). History: N.A.
let-75,0.27869751,0.905903624,-0.301894255,0.403654709,0.191159548,-0.219614141,1.815340118,2.068629493,1.599868489,1.718992007,let-75,WBGene00202503,Public name for WBGene00202503. History: N.A.
C05D9.9,-0.843246987,-1.212448343,-1.097997949,-0.98962082,0.152977042,-0.251524111,1.355865427,-0.454767227,-0.356264075,-0.514413058,C05D9.9,WBGene00015476,Public name for WBGene00015476. History: N.A.
C16D9.9,-1.09750786,-0.61885495,-0.883736516,-0.803071258,0.42000873,0.327632213,2.525407906,-0.227970638,-0.102870119,-0.233876281,C16D9.9,WBGene00015864,Public name for WBGene00015864. History: N.A.
B0507.8,3.896804408,4.299474859,3.635825259,3.915560544,-0.056189382,-0.060233274,0.551370478,4.355661712,3.894669293,4.448947267,B0507.8,WBGene00015225,Public name for WBGene00015225. History: N.A.
egrh-1,-0.028073294,0.379990671,0.070128782,0.025162089,1.388847008,0.943538871,1.200472335,0.251986684,-0.005085872,0.243690235,egrh-1,WBGene00007772,Public name for WBGene00007772. History: N.A.
F19C6.2,0.112045048,-0.24598931,-0.057042362,-0.342229805,0.937922581,1.042460151,1.31135731,0.229882195,0.274406597,-0.121183845,F19C6.2,WBGene00008951,Public name for WBGene00008951. History: N.A.
unc-23,-0.696205498,-0.877378931,-0.138967658,-0.251307005,1.03990691,1.200013892,1.746987071,1.014861416,-0.227870204,0.631794795,unc-23,WBGene00006760,Public name for WBGene00006760. History: Renamed on 2015-11-03
F53C11.1,-0.260523213,-0.02130625,0.168897371,-0.258316782,2.74557667,2.513038333,1.827348907,0.003515702,-0.395012809,-0.103528712,F53C11.1,WBGene00009971,Public name for WBGene00009971. History: N.A.
flp-8,-1.283470333,-0.592137009,-0.709953687,-1.060636552,0.581538519,1.099694603,2.221375249,-0.523799466,-0.540681173,-0.470090221,flp-8,WBGene00001451,Public name for WBGene00001451. History: N.A.
dod-19,0.12574312,-0.21350995,0.241849069,0.444835826,2.059809091,2.180666352,1.484341811,0.077067837,-0.605930012,-0.256036645,dod-19,WBGene00022644,Public name for WBGene00022644. History: N.A.
T09F5.12,0.133256011,-0.560200596,0.168879102,0.160661555,2.14678755,2.19405741,2.121413047,0.465420503,-0.202621853,0.300840876,T09F5.12,WBGene00014836,Public name for WBGene00014836. History: N.A.
nhr-101,-0.630157974,-0.885380142,-0.571914178,-1.49661061,0.178581511,0.301788299,2.769894564,-0.622460247,-0.474345737,-0.810668652,nhr-101,WBGene00003691,Public name for WBGene00003691. History: N.A.
syx-2,-0.822659336,-0.238849517,-0.174929561,-0.043049,1.175295511,0.923624779,1.266086514,0.021416966,-0.425997221,0.120222539,syx-2,WBGene00006372,Public name for WBGene00006372. History: Renamed on 2010-04-16
eat-4,-0.376580136,-0.356085884,-0.360978371,-0.338690202,0.354981964,0.551661597,2.538952599,-0.366048275,-0.096280862,-0.284897092,eat-4,WBGene00001135,"Public name for WBGene00001135. History: Renamed on 2010-04-01; Split into ""WBGene00255687"" on 2015-04-30"
his-24,0.2344625,0.33863695,-0.458933003,0.067255315,0.264731141,0.799448161,0.446659251,1.172364026,1.01364776,0.968911985,his-24,WBGene00001898,Public name for WBGene00001898. History: Renamed on 2010-11-12
nhr-3,-0.277643909,-0.174139286,-0.409138313,-0.476414764,1.265761344,1.604145154,1.591018214,0.16761065,0.086388888,0.119881777,nhr-3,WBGene00003602,Public name for WBGene00003602. History: N.A.
akt-2,-1.369523994,-0.808437289,-0.593598061,-0.917190546,0.517149186,0.391037295,2.313756478,0.045467218,-0.624423582,-0.339336989,akt-2,WBGene00000103,Public name for WBGene00000103. History: N.A.
nhr-6,-0.352944619,0.045340116,-0.347961102,-0.230291653,0.364477176,1.057422723,2.157824372,0.4602906,0.697345923,0.715956722,nhr-6,WBGene00003605,Public name for WBGene00003605. History: N.A.
Y41D4B.16,-0.408968202,-0.494342416,-0.063619447,0.395172514,1.769147627,1.586212852,1.154709549,-0.165312004,0.128953526,-0.192667479,Y41D4B.16,WBGene00021518,Sequence name for WBGene00021518(hpo-6). History: N.A.
Y41D4B.17,-0.307489795,-0.06329852,-0.554582501,-0.181718554,2.755573816,2.43851812,2.017530315,-0.01674793,-0.326969901,0.365475498,Y41D4B.17,WBGene00021519,Public name for WBGene00021519. History: N.A.
Y58A7A.5,0.807903109,1.479950689,0.833870341,0.901966391,-0.047465411,-0.012398095,-0.448183931,2.674741931,2.198443505,2.681348613,Y58A7A.5,WBGene00021979,Public name for WBGene00021979. History: N.A.
Y58A7A.4,-0.221136341,-0.157649798,-0.280964207,0.106396825,2.514897882,2.353989272,3.169012934,0.382774337,0.16022956,0.743101646,Y58A7A.4,WBGene00021978,Public name for WBGene00021978. History: N.A.
T24E12.5,0.610908517,1.337772115,0.83193958,0.895538625,-0.212674785,-0.57620985,-0.556799021,1.634670987,2.021512026,2.314400041,T24E12.5,WBGene00020774,Public name for WBGene00020774. History: N.A.
fbxa-75,1.345344146,2.060790114,1.232888983,1.055396379,-0.097596614,-0.070822474,-0.160851062,1.920675338,1.955505751,2.303604881,fbxa-75,WBGene00022476,Public name for WBGene00022476. History: N.A.
Y102A11A.5,-1.400117083,-1.465427142,-0.731764353,-1.449573073,0.453929279,0.952968221,1.044753393,-0.314128243,-1.188820956,-0.658029434,Y102A11A.5,WBGene00022415,Public name for WBGene00022415. History: N.A.
Y102A11A.2,-0.347140276,0.128753591,-0.479950805,-0.40424399,1.353049169,1.456571069,2.03751999,-0.183792574,0.647452901,0.141087977,Y102A11A.2,WBGene00022412,Public name for WBGene00022412. History: N.A.
C45B2.1,-0.245452642,-0.786322341,-0.24144761,-0.430674645,-0.508252778,-0.722402726,-2.453711336,-0.54281301,-0.663097689,-0.391783526,C45B2.1,WBGene00016658,Public name for WBGene00016658. History: N.A.
Y94H6A.2,1.055446633,1.426658524,0.474104387,1.044873871,0.068177835,-0.213548805,-0.262026562,2.993636777,2.688962675,2.96850733,Y94H6A.2,WBGene00022375,Public name for WBGene00022375. History: N.A.
M60.4,-1.400205949,-0.597194786,-0.88350635,-0.797759469,0.795621155,0.545819446,1.896689458,-0.546788617,-0.536442032,-0.330959139,M60.4,WBGene00019780,Public name for WBGene00019780. History: N.A.
ZK896.4,-0.627030626,0.343399703,0.045173519,0.160638434,3.090926653,3.1372651,2.658643548,0.72324892,0.438362244,0.953602971,ZK896.4,WBGene00014135,Public name for WBGene00014135. History: N.A.
C38H2.2,0.081318984,0.02723267,0.266744432,0.276857533,0.931806629,1.079581072,1.08461838,0.187961106,-0.317897128,0.058684608,C38H2.2,WBGene00008019,Public name for WBGene00008019. History: N.A.
C43D7.4,3.291158027,3.468646838,2.79471525,2.690271555,-0.098827287,-0.20376456,-0.277579176,3.852508049,4.203159639,4.004991986,C43D7.4,WBGene00008067,Public name for WBGene00008067. History: N.A.
C43D7.7,1.377951105,1.399981519,1.068882587,1.409474234,-0.241313848,-0.218502372,-0.380261368,2.833729688,1.119821076,2.971716089,C43D7.7,WBGene00008069,Public name for WBGene00008069. History: N.A.
sdz-6,2.376976306,3.046924476,1.936566553,2.344039924,-0.261083024,-0.296278772,-0.572600259,2.724847117,3.289069281,3.248004262,sdz-6,WBGene00008068,Public name for WBGene00008068. History: N.A.
D1086.3,-0.362600649,-0.454322417,-0.392910155,-0.459523065,-0.761998706,-1.259054982,-3.841806243,-0.870421256,-1.11801315,-1.069615696,D1086.3,WBGene00008390,Public name for WBGene00008390. History: N.A.
C27H2.2,0.282935689,0.009274132,0.300120824,0.37960727,1.061434053,1.223312553,1.062596791,0.142325877,-0.597302786,0.245321461,C27H2.2,WBGene00045063,"Public name for Dead gene WBGene00007782. History of WBGene00007782: Merged into ""WBGene00045063"" on 2014-05-28"
F49H6.5,0.546624467,0.582834393,0.441764858,0.551679349,0.178492888,0.180299098,4.066780601,2.136443902,1.104866031,2.087143884,F49H6.5,WBGene00009908,Public name for WBGene00009908. History: N.A.
F57G4.11,1.0126796,1.300589164,0.449959496,0.884066355,-0.304734752,-0.204191069,-0.557814829,2.027022798,1.151019117,2.391027255,F57G4.11,WBGene00195165,Public name for WBGene00195165. History: N.A.
C17H1.7,3.11499186,3.788828234,2.895457493,3.098964272,0.002072557,-0.039019324,1.030254687,2.451508791,2.019240836,2.726118278,C17H1.7,WBGene00007660,Sequence name for WBGene00007660(pals-6). History: N.A.
C17H1.13,2.183865389,1.951780886,1.201915884,1.212598687,-0.055210604,-0.182769053,-0.118479368,1.499928021,1.090379895,1.852728321,C17H1.13,WBGene00044708,Sequence name for WBGene00044708(pals-11). History: N.A.
ins-33,-1.537032824,-0.74556789,-1.016292831,-0.888864493,0.332676159,-0.122292267,1.735589601,-0.445942997,0.056422594,-0.120640219,ins-33,WBGene00002116,Public name for WBGene00002116. History: N.A.
F08G5.6,-0.674099232,-0.916514694,-0.814552198,-1.34596024,1.326164335,1.198058151,1.786811796,-0.472726431,0.181754587,0.063663735,F08G5.6,WBGene00008584,Sequence name for WBGene00008584(irg-4). History: N.A.
R09A8.5,-0.885238352,-0.865334465,-0.8743704,-1.514729222,0.377129232,0.512426385,1.532219418,-0.260267627,0.123303126,-0.358000887,R09A8.5,WBGene00011154,Public name for WBGene00011154. History: N.A.
C17H1.6,2.435242847,3.036327619,2.212671768,2.436246375,-0.131285838,-0.046503194,0.123947078,3.273293541,3.214600528,4.364997845,C17H1.6,WBGene00007659,Sequence name for WBGene00007659(pals-5). History: N.A.
C17H1.3,0.719082313,0.986702951,0.262707026,0.406846776,-0.336753184,-0.248235179,-0.457753782,1.193846977,1.083098107,1.347695754,C17H1.3,WBGene00007656,Sequence name for WBGene00007656(pals-2). History: N.A.
C17H1.5,1.030961951,2.051472523,0.985225051,0.782705036,0.041501527,-0.161479583,-0.218527043,2.372149287,2.815705125,2.853209751,C17H1.5,WBGene00007658,Sequence name for WBGene00007658(pals-4). History: N.A.
T27F2.4,-0.20720119,0.40002633,0.096752634,0.409339222,2.533287657,2.121670764,1.942692113,0.834200135,1.127745908,0.694161548,T27F2.4,WBGene00012101,Sequence name for WBGene00012101(zip-10). History: N.A.
T26F2.3,3.094529491,3.871239057,3.581630873,3.447847846,0.578161599,0.504485633,1.565140364,4.59756969,3.815653359,4.929005984,T26F2.3,WBGene00045401,Sequence name for WBGene00045401(eol-1). History: N.A.
F26F2.3,2.788407713,4.337137734,3.046953359,3.266973648,-0.296143397,-0.097751258,-0.369575305,4.736067576,5.666178292,5.419524553,F26F2.3,WBGene00009168,Public name for WBGene00009168. History: N.A.
B0024.4,1.635788645,2.305527481,1.228812737,0.786670288,4.687124526,4.903265857,4.239370141,0.849277342,0.902136204,1.130478757,B0024.4,WBGene00007097,Public name for WBGene00007097. History: N.A.
B0284.4,1.371681373,2.150656558,1.546646118,1.796522864,-0.302111235,-0.061157183,0.045758093,2.761333492,2.252145914,3.035300751,B0284.4,WBGene00007134,Sequence name for WBGene00007134(pals-28). History: N.A.
F26F2.1,2.759279818,3.756190058,2.519499031,2.532746617,0.050256244,-0.054298776,-0.370195734,4.501710657,4.855765542,5.076557946,F26F2.1,WBGene00009166,Public name for WBGene00009166. History: N.A.
K08D8.4,0.647190388,1.262893044,0.781215497,0.695560844,3.275152577,3.413469592,2.623035269,1.303023496,0.400229235,1.279302577,K08D8.4,WBGene00010658,Public name for WBGene00010658. History: N.A.
C49C8.5,-0.285397108,-0.861597586,-0.109918009,0.191026477,0.895670755,1.369155625,1.411495913,-0.073764531,-1.245462952,-0.285404435,C49C8.5,WBGene00016769,Public name for WBGene00016769. History: N.A.
F35E12.8,-0.10471124,-0.127327083,0.130984632,0.371166211,4.102432783,3.703043087,3.162252917,-0.132617356,-0.322632744,-0.191056855,F35E12.8,WBGene00009432,Sequence name for WBGene00009432(cld-9). History: N.A.
F22E5.6,0.036000795,0.150958381,0.145067219,-0.104178813,1.710358187,1.881423894,0.824890111,0.496134356,0.630006505,0.360200422,F22E5.6,WBGene00017705,Public name for WBGene00017705. History: N.A.
T05A7.3,0.967354905,1.332980159,0.484059237,0.485596035,5.175998161,5.21087403,4.013837198,1.920260075,1.380554636,2.151218882,T05A7.3,WBGene00020221,Public name for WBGene00020221. History: N.A.
F32D1.7,0.906544015,0.436691559,0.52181192,1.004869157,-0.829077296,-0.779432609,-2.464805858,0.63722312,0.700671605,0.548570877,F32D1.7,WBGene00017986,Public name for WBGene00017986. History: N.A.
C49G7.3,0.328794147,0.707806615,-0.554081883,0.809582683,0.464665134,0.679591279,1.659089575,1.616930065,1.808194228,1.334504076,C49G7.3,WBGene00016781,Sequence name for WBGene00016781(phat-7). History: N.A.
F14F9.4,0.030087987,0.076300536,0.06869188,-0.062047228,1.03766813,0.817337103,1.161635827,0.776243306,1.097532131,1.253827707,F14F9.4,WBGene00017467,Public name for WBGene00017467. History: N.A.
F35E12.9,-0.496592698,-0.541784459,-0.872695369,-0.732925045,1.47844119,1.221773715,1.592982763,0.083417613,-0.141994504,0.305337938,F35E12.9,WBGene00009433,Public name for WBGene00009433. History: N.A.
sdz-24,-1.203346135,-0.896615343,-0.673302863,-0.456654528,0.679119289,1.060701964,1.950359968,-1.005721189,-0.694366273,-0.922783421,sdz-24,WBGene00019495,Public name for WBGene00019495. History: N.A.
Y39G8B.5,0.807086383,0.679410585,0.307775099,0.252570064,0.01586284,0.178196234,0.029365336,1.022415376,1.092526047,0.950525672,Y39G8B.5,WBGene00012726,Public name for WBGene00012726. History: N.A.
ZC196.6,0.771562599,1.240055689,0.334104008,0.508115926,-0.123214902,0.111413607,-0.000928033,2.190581593,2.332698681,2.958906986,ZC196.6,WBGene00022550,Sequence name for WBGene00022550(droe-8). History: N.A.
C42D4.3,-0.777488685,-1.928967216,-0.728547317,-0.892510228,-0.279921563,0.008098533,0.288866148,-0.825472447,-0.893699642,-0.669626696,C42D4.3,WBGene00016596,Public name for WBGene00016596. History: N.A.
B0507.10,3.964984946,4.630788473,3.549240389,3.791784728,0.06001799,-0.023742116,0.92451407,4.757612244,4.487069721,4.907782256,B0507.10,WBGene00015227,Sequence name for WBGene00015227(ddn-1). History: N.A.
F35E12.4,-0.081450401,0.205718697,-0.213836017,-0.053023095,2.563182177,2.370696963,2.063526396,0.201490464,0.561762417,0.312189641,F35E12.4,WBGene00009428,Public name for WBGene00009428. History: N.A.
C27D9.2,-0.04563118,0.066403086,0.066451263,0.193372664,2.954013589,1.925939386,1.551102904,0.564254335,0.462678477,0.559052942,C27D9.2,WBGene00016164,Public name for WBGene00016164. History: N.A.
ZC196.3,0.765435343,1.341048142,0.929212707,0.668857493,0.120462539,-0.217852334,1.504087181,1.905972642,1.843149798,1.938121404,ZC196.3,WBGene00022547,Public name for WBGene00022547. History: N.A.
C32H11.4,-0.929994739,-1.143053484,-0.860213396,-0.507582638,0.800771323,0.60061261,1.997096407,-0.828461288,-0.489303153,-0.03199282,C32H11.4,WBGene00007867,Public name for WBGene00007867. History: N.A.
F17C11.2,-1.341174591,-0.66424311,-0.947909738,-0.779888174,0.38145721,0.134401146,2.511376522,-0.589287632,-0.491301967,-0.422047614,F17C11.2,WBGene00008914,Public name for WBGene00008914. History: N.A.
spp-20,-0.209905401,0.484493244,-0.378582536,0.167158747,3.266691368,2.402664893,3.043342089,-0.236530684,0.051715013,0.377192749,spp-20,WBGene00005005,"Public name for WBGene00005005. History: Split into spp-27(WBGene00271815). History of WBGene00005005: Split into ""WBGene00271815"" on 2017-09-21"
valv-1,-0.143175342,0.351320833,-0.210566735,-0.170378188,3.05458502,3.061551409,2.930505606,-0.415487219,-0.146070724,0.005965651,valv-1,WBGene00015216,Public name for WBGene00015216. History: N.A.
F42C5.3,2.33306681,2.977021933,1.892113937,1.577333498,0.148470588,0.180197145,0.139830585,2.875955732,3.362793247,2.995042476,F42C5.3,WBGene00018345,Public name for WBGene00018345. History: N.A.
C31B8.4,1.517986487,1.778328498,1.237618854,0.616238531,0.016933478,-0.030677208,-0.134118912,2.440735972,2.606792993,2.561497157,C31B8.4,WBGene00016281,Sequence name for WBGene00016281(pals-32). History: N.A.
fbxa-163,-0.190590802,0.2097174,-0.115475968,0.019289747,0.971785226,1.111590405,1.392073907,-0.073156069,0.13432038,0.208586938,fbxa-163,WBGene00015598,Public name for WBGene00015598. History: N.A.
T05F1.11,-1.217856595,-0.673270826,-0.521357209,-0.782354093,0.50317026,0.76506187,1.982043128,-0.818840343,-0.275076154,-0.818840343,T05F1.11,WBGene00011495,Public name for WBGene00011495. History: N.A.
ZK418.7,-0.447386805,-0.09856954,-0.273218025,0.1869096,1.67155768,1.452093489,1.178608105,0.063767683,0.312165659,0.305926656,ZK418.7,WBGene00022736,Public name for WBGene00022736. History: N.A.
lys-3,-0.209393958,1.167407507,-0.466587414,-0.100274064,3.639393157,3.051710513,3.403164273,1.332879944,1.415385277,1.605440109,lys-3,WBGene00003092,Public name for WBGene00003092. History: Renamed on 2015-02-20
F55G11.4,-0.377997126,-0.71683224,-0.354719585,-0.591971146,2.122619789,1.749430233,1.308492279,-0.492664412,-0.408676003,-0.463523677,F55G11.4,WBGene00010124,Public name for WBGene00010124. History: N.A.
Y73F4A.3,-1.576986219,-1.169266874,-1.360535937,-1.274626351,0.30422838,-0.171879424,2.544027468,-0.802749483,-0.643475688,-0.710040658,Y73F4A.3,WBGene00013516,Public name for WBGene00013516. History: N.A.
C54D10.8,0.805650046,0.82477231,0.568035767,0.543582116,0.04546126,0.253894786,0.270895934,1.684043843,0.795281279,1.148620508,C54D10.8,WBGene00008302,Sequence name for WBGene00008302(pals-38). History: N.A.
B0348.2,-0.04554375,0.775608044,-0.39410636,0.456333324,4.702084368,4.181469745,4.644662506,0.768010944,0.626286598,1.207466483,B0348.2,WBGene00015152,Public name for WBGene00015152. History: N.A.
dod-17,-0.545378834,-0.820245123,-0.324407992,-0.218817376,1.586583266,1.495342948,1.891168959,0.125384508,-1.093063323,0.047001821,dod-17,WBGene00010745,Public name for WBGene00010745. History: N.A.
K10D11.5,-0.22510431,0.171274918,0.005052886,0.235006485,2.197711336,2.074936157,1.297859304,-0.047953755,0.325167034,-0.166648062,K10D11.5,WBGene00010749,Public name for WBGene00010749. History: N.A.
F55G11.3,0.214043372,-0.052758643,-0.107359984,0.170565043,4.838437275,4.339475226,4.175182627,-0.074528094,0.645566316,0.103659424,F55G11.3,WBGene00014771,Public name for WBGene00014771. History: N.A.
dod-22,-0.6983843,-1.336599192,-0.734856757,-0.733960709,2.788707593,2.497759542,3.283390653,0.245569489,0.059284811,0.321166799,dod-22,WBGene00010125,Public name for WBGene00010125. History: N.A.
C29F9.3,-0.476311269,-0.480652189,-0.32774955,-0.184893815,1.877890963,1.408164939,1.747341661,-0.558411336,-0.352979488,-0.857251303,C29F9.3,WBGene00016218,Sequence name for WBGene00016218(pals-23). History: N.A.
F42G9.4,-0.831034552,-0.327497987,-0.677872054,-0.971660161,0.680087786,-0.203067796,2.797392376,-0.457257571,-0.082373777,0.008158077,F42G9.4,WBGene00018363,Sequence name for WBGene00018363(nlp-52). History: N.A.
math-17,0.128333384,0.214196036,0.152125049,0.09446694,0.067984562,-0.103505335,-0.096669575,1.501294964,0.780164733,1.072869537,math-17,WBGene00015833,Public name for WBGene00015833. History: N.A.
T08A11.1,1.422545174,0.613811406,1.165949679,1.240783935,0.048085884,0.206260735,0.241741819,0.323937313,0.853689944,0.234470395,T08A11.1,WBGene00011604,Public name for WBGene00011604. History: N.A.
T05A8.2,0.652540116,1.810073784,0.89707878,1.043413237,0.039464017,-0.23964856,-0.640874752,2.08898149,2.919488126,2.956462444,T05A8.2,WBGene00020228,Public name for WBGene00020228. History: N.A.
F32D8.15,-0.611831392,-0.369060777,-0.661553516,-0.710399302,0.290995142,0.540862389,2.181639976,-0.382362601,-0.312516927,-0.43120236,F32D8.15,WBGene00009325,Public name for WBGene00009325. History: N.A.
F15H10.6,0.026990936,0.202164033,0.062633555,0.195637307,-0.089695363,-0.098132086,-0.173158714,1.469691499,2.006441226,1.90475227,F15H10.6,WBGene00008873,Public name for WBGene00008873. History: N.A.
sta-1,-0.720125318,-0.427291816,-0.296750359,-0.862442241,0.723435577,0.753998949,2.987161793,-0.376045426,-0.312062699,-0.476558946,sta-1,WBGene00013111,Public name for WBGene00013111. History: N.A.
K11H12.4,0.421478618,0.373358301,-0.09833625,-0.160840135,3.497313537,3.174628213,2.291474576,0.506414636,0.770483781,1.207315876,K11H12.4,WBGene00019660,Public name for WBGene00019660. History: N.A.
C17H12.8,-0.572804895,-0.305137349,-0.22236458,-0.148247226,2.764982681,2.596394278,2.257668202,-0.081563298,-0.371425228,0.013610447,C17H12.8,WBGene00015933,Public name for WBGene00015933. History: N.A.
W08A12.4,1.004282757,1.771351355,0.927383589,1.768126916,0.343282972,0.100891831,0.505388738,1.839295952,0.844504845,2.259593167,W08A12.4,WBGene00021081,Sequence name for WBGene00021081(pals-33). History: N.A.
sox-4,-0.163359187,4.76E-05,0.018481549,0.113375804,1.177640982,1.128306202,0.870311693,-0.476282226,0.330961018,-0.14139838,sox-4,WBGene00015716,Public name for WBGene00015716. History: N.A.
mec-17,-1.052343145,-0.63511426,-0.667400226,-0.77217315,0.583422363,0.891284913,1.703566486,-0.718720227,-0.870011461,-0.882516469,mec-17,WBGene00003178,Public name for WBGene00003178. History: Renamed on 2010-11-30
dod-24,-1.514194886,-1.567071358,-1.050954472,-2.228728251,1.251873211,0.880524872,1.554890385,-0.320503542,0.326980585,0.046229293,dod-24,WBGene00007875,Public name for WBGene00007875. History: N.A.
F26D11.13,1.052375369,1.33661083,0.620303835,0.631864081,0.055580117,0.15293659,0.085273142,1.877976848,1.976560814,2.166949205,F26D11.13,WBGene00045393,Public name for WBGene00045393. History: N.A.
F59E11.7,-1.467366237,-1.163810192,-1.283089927,-1.319743176,-0.042896321,-0.241285409,2.217063555,-0.948379994,-1.096959402,-0.649132158,F59E11.7,WBGene00019113,Public name for WBGene00019113. History: N.A.
W02C12.2,-1.07161264,-0.725099062,-0.835765955,-1.010396535,0.586573361,0.70875163,1.844242627,-0.708805151,-1.268686655,-0.301779885,W02C12.2,WBGene00020929,Public name for WBGene00020929. History: N.A.
fbxa-158,1.068719333,1.797222207,0.855953497,0.651728139,2.471061327,2.460205598,2.480440223,2.589250753,2.3442444,2.76326229,fbxa-158,WBGene00015602,Public name for WBGene00015602. History: N.A.
Y75B8A.39,2.104958902,2.41116202,1.69603883,1.77494323,2.374699589,2.279359854,0.421342334,2.600970263,2.616244701,3.220322387,Y75B8A.39,WBGene00023483,Public name for WBGene00023483. History: N.A.
Y47H10A.5,0.623099382,1.404789612,0.59256537,0.671485016,3.634964086,3.451933949,2.447734067,0.384449956,-0.010867481,0.429254458,Y47H10A.5,WBGene00012961,Public name for WBGene00012961. History: N.A.
ZK512.7,0.154710204,-0.248812386,0.408985233,0.281688117,0.184442063,-0.364974954,-1.61052157,-1.096882192,-1.271996854,-0.883083882,ZK512.7,WBGene00013986,Public name for WBGene00013986. History: N.A.
nspe-1,1.435080128,0.325611514,1.432172212,1.087702352,1.736379034,2.140944576,2.376378755,2.47835017,2.146853467,2.463603398,nspe-1,WBGene00012591,Public name for WBGene00012591. History: N.A.
C05B5.8,-1.152714141,-0.949834688,-1.125721373,-1.033299659,0.317388913,0.526247088,1.346732326,-0.58186644,-0.836499436,-0.693792049,C05B5.8,WBGene00007324,Public name for WBGene00007324. History: N.A.
D1044.6,1.520118065,0.760996435,1.195807196,1.24670674,-0.500043337,-0.107868128,-1.283511085,0.289988534,-0.58069254,0.182822278,D1044.6,WBGene00017031,Public name for WBGene00017031. History: N.A.
ins-35,-1.088989242,-0.352107393,-0.70330754,-1.187114785,0.585321306,1.00973759,2.466070059,-0.50462218,-0.468780862,-0.64519326,ins-35,WBGene00002118,Public name for WBGene00002118. History: N.A.
glb-17,-1.218309245,-0.71827748,-0.908534118,-0.753528446,0.805810086,0.984096709,2.593650142,-0.515161624,-0.624823887,-0.414540202,glb-17,WBGene00009887,Public name for WBGene00009887. History: N.A.
F15A8.6,-0.158726726,-0.052232644,-0.425599623,0.139201339,1.218450066,0.969002518,0.858974401,-0.019673068,-0.311730731,0.067049084,F15A8.6,WBGene00017478,Sequence name for WBGene00017478(cest-26). History: N.A.
mes-4,1.134501252,0.827880063,1.217844929,0.833050526,-0.284446058,0.003957963,-1.097977615,0.138045898,0.401604117,0.141893862,mes-4,WBGene00003222,Public name for WBGene00003222. History: N.A.
F28A12.4,-0.115519945,-0.014090984,-0.011893653,-0.273451513,-0.834448684,-1.313050819,-1.129154983,-0.640426222,-0.729908832,-0.616782274,F28A12.4,WBGene00017881,Sequence name for WBGene00017881(asp-13). History: N.A.
tnc-2,-0.687351784,-0.588374223,-0.811529564,-0.791332609,0.438715074,0.357605905,2.337935001,-0.620811842,-0.770231437,-0.675026087,tnc-2,WBGene00006583,Public name for WBGene00006583. History: N.A.
F25D1.5,-1.091143335,-1.773129175,-0.679088214,-1.131288806,0.392608324,0.020651992,0.971612055,-0.955849025,-0.947119615,-1.118735721,F25D1.5,WBGene00009110,Public name for WBGene00009110. History: N.A.
tsp-2,-1.105249859,-0.500735001,-0.95349229,-0.281261384,1.598045094,1.406058283,1.751172657,-0.114550363,-0.380618569,-0.270264087,tsp-2,WBGene00006628,Public name for WBGene00006628. History: N.A.
cyp-14A5,-0.290514279,-0.694288107,-0.409724273,-0.311939424,0.098259055,0.235691296,3.051971366,-0.927154896,-1.150679663,-0.848844297,cyp-14A5,WBGene00000373,Public name for WBGene00000373. History: N.A.
cyp-34A9,-0.969702189,-1.002225688,-1.130549456,-1.017474899,-0.575765952,-0.704538859,1.515428663,-0.425280717,-0.621883791,-0.461176742,cyp-34A9,WBGene00015044,Public name for WBGene00015044. History: Renamed on 2004-08-25
tag-117,0.390195942,0.36997739,-0.069287145,-0.081105277,2.003311658,1.81429334,2.312467734,0.41704743,0.678074054,0.915000998,tag-117,WBGene00006467,Other name for WBGene00006467(magu-2). History: Renamed on 2021-09-06
cyp-13A5,-2.190073181,-1.28962074,-1.010241778,-0.035694688,0.214379374,0.016863284,0.841273616,-0.662117116,-0.834853409,-0.807951975,cyp-13A5,WBGene00011672,Public name for WBGene00011672. History: N.A.
tag-224,-0.359403028,-0.149107734,-0.374111981,-0.137428956,1.498019235,1.140471261,1.16978457,-0.293804495,-0.52740385,-0.199800222,tag-224,WBGene00015217,Other name for WBGene00015217(tes-1). History: Renamed on 2010-11-23
gpa-3,-0.490301548,-0.359869865,-0.237902913,-0.215733733,0.677882684,0.750382449,2.287074817,-0.055584257,-0.14620316,-0.106384646,gpa-3,WBGene00001665,Public name for WBGene00001665. History: N.A.
nhr-162,-0.306993433,-0.0898652,-0.312652479,-0.150056586,2.444859859,1.73563562,2.487396192,-0.033547103,-0.30089925,-0.151449544,nhr-162,WBGene00016367,Public name for WBGene00016367. History: N.A.
dpy-8,-0.672749849,-0.036239321,-0.821680845,-0.27288947,0.22639912,0.658932825,-0.185917286,1.213904423,1.394756034,0.896731066,dpy-8,WBGene00001070,Public name for WBGene00001070. History: N.A.
ttr-27,-1.088854663,-0.984636055,-0.924860741,-1.043269312,0.513830117,0.26113254,2.088323053,-0.373711731,-0.403347907,-0.439330083,ttr-27,WBGene00011284,Public name for WBGene00011284. History: N.A.
C53A5.9,1.224815183,1.027971778,0.804277399,1.295766122,-0.061972187,-0.06151137,-0.147386494,1.921436669,1.77328514,2.370394663,C53A5.9,WBGene00008267,Public name for WBGene00008267. History: N.A.
fip-1,-0.923876526,-1.451843589,-1.178837016,-1.453396477,-0.150847357,0.309830432,0.297544737,-0.888355199,-0.817914892,-0.138838993,fip-1,WBGene00017695,Public name for WBGene00017695. History: N.A.
C23H4.6,0.141793659,-0.15187284,0.092379072,0.175257419,1.225678465,0.972953859,0.929123693,0.653017942,1.187558137,1.059078606,C23H4.6,WBGene00007694,Public name for WBGene00007694. History: N.A.
tsp-1,-1.024221307,0.481743841,-0.836165119,-0.284638731,2.61447734,2.638180784,2.246536341,0.008188531,-0.269726042,0.251721313,tsp-1,WBGene00006627,Public name for WBGene00006627. History: N.A.
mec-7,-0.875218704,-0.440817813,-0.52771666,-0.506891036,0.597407423,1.157195026,1.779740351,-0.658493971,-0.936671251,-0.597507139,mec-7,WBGene00003171,Public name for WBGene00003171. History: N.A.
R08E3.1,0.12587638,0.094292316,0.208991384,0.346885216,0.809986455,1.241085922,1.21073599,-0.116093038,-0.258531037,-0.274385896,R08E3.1,WBGene00019957,Public name for WBGene00019957. History: N.A.
F48C5.1,-0.213866281,-0.175288538,-0.056236802,-0.355998101,1.044763411,1.034544401,1.49522995,-0.139840518,-0.315765137,-0.228573434,F48C5.1,WBGene00009842,Sequence name for WBGene00009842(igeg-2). History: N.A.
hsp-70,0.560236561,0.276976566,0.630595712,0.292685568,0.186350197,-0.26693827,-0.850004444,2.650068919,2.58482383,2.037528015,hsp-70,WBGene00002026,Public name for WBGene00002026. History: N.A.
cul-6,0.896333592,1.500737119,0.786977004,0.737854887,2.075701161,1.763778444,0.931605104,1.1876768,1.662532573,1.566093257,cul-6,WBGene00000841,Public name for WBGene00000841. History: N.A.
nhr-213,-0.267095616,-0.138700565,-0.204612399,-0.170560365,1.163248322,1.056379962,1.726419855,-0.035860171,-0.061326621,0.004796994,nhr-213,WBGene00011520,Public name for WBGene00011520. History: N.A.
vhp-1,0.121862924,-0.009266011,0.088372735,0.280271161,0.995050672,0.959935347,1.18473095,0.359928762,0.378736924,0.398098557,vhp-1,WBGene00006923,Public name for WBGene00006923. History: N.A.
Y38H6C.8,-0.183629939,0.130291096,0.106091394,0.384481408,1.790186896,1.521011878,1.323454448,1.653168128,1.027666908,1.537110282,Y38H6C.8,WBGene00012621,Public name for WBGene00012621. History: N.A.
F35B12.9,-1.011392443,-0.57965308,-1.229762285,-0.870863568,0.323446494,0.769285214,2.19548232,-0.50644244,0.741718529,-0.275001561,F35B12.9,WBGene00009388,Public name for WBGene00009388. History: N.A.
zip-5,-0.559801332,-0.28371809,-0.463741938,-0.217824747,2.581256079,2.069729013,1.998690816,0.169430783,0.37108324,0.400618437,zip-5,WBGene00007932,Public name for WBGene00007932. History: N.A.
pha-4,-0.160097073,0.309469476,-0.296231956,0.230978905,0.812963629,1.098756705,1.141577825,0.675082954,0.710809884,0.578683214,pha-4,WBGene00004013,Public name for WBGene00004013. History: N.A.