Gene,Location,PD1/CON1 ratio,PD2/CON2 ratio,fold change,"Composite 
Chi-square
P-value",CON1 rpm,CON2 rpm,PD1 rpm,PD2 rpm,...10,Dauer/L3 ratio,L3 rpm,Dauer rpm,Input,Suggested Match,History
acn-1,chrX:5092426-5097042,1.801914025,2.00811674,1.905015382,0.023209194,6.832579928,7.548725549,12.3117216,15.15872214,,1.721723733,7.394312522,12.73096336,acn-1,WBGene00000039,Public name for WBGene00000039. History: N.A.
adm-4,chrX:7795023-7798229,0.197069551,0.571773464,0.384421508,4.48e-06,31.52096873,20.89285158,6.21182317,11.94597811,,1.199461731,13.08224523,15.69165251,adm-4,WBGene00000075,Public name for WBGene00000075. History: N.A.
AH6.3,chrII:9519068-9520085,0.0,0.116249123,0.058124561,0.002489644,0.797134325,10.50973746,0.0,1.221747762,,,,,,,
aos-1,chrV:10127495-10130266,1.727706935,1.924814362,1.826260648,0.006606189,15.14008155,10.73613696,26.15762389,20.66507061,,0.474414882,6.889508494,3.268485359,aos-1,WBGene00000142,Public name for WBGene00000142. History: N.A.
apb-3,chrI:7853743-7857828,1.574115235,1.510090445,1.54210284,0.022950591,21.86425577,13.1266198,34.4168581,19.82238312,,0.567841231,18.77017794,10.65848095,apb-3,WBGene00000163,Public name for WBGene00000163. History: N.A.
aph-2,chrI:10341004-10345638,1.616598875,1.565610147,1.591104511,0.013126731,23.02053851,13.48538602,37.21497665,21.11285718,,0.4088334,15.93195697,6.513516138,aph-2,WBGene00000148,Public name for WBGene00000148. History: N.A.
asb-2,chrX:4469740-4471455,0.540574208,0.656406597,0.598490402,0.000613068,45.55053285,54.32141411,24.6234432,35.65693459,,0.398045569,19.33897121,7.6977918,asb-2,WBGene00000207,Public name for WBGene00000207. History: N.A.
asg-2,chrX:6841211-6842036,0.504031895,0.294526166,0.399279031,0.008054448,8.882353906,11.5227242,4.476989672,3.393743783,,3.817154944,6.825519251,26.05406455,asg-2,WBGene00000210,Public name for WBGene00000210. History: N.A.
B0024.3,chrV:10287546-10289242,2.073224944,3.958431672,3.015828308,0.003862369,3.644042628,3.292206916,7.554920072,13.03197613,,0.173507043,3.412759626,0.592137831,B0024.3,WBGene00007096,Public name for WBGene00007096. History: N.A.
B0218.5,chrIV:8155234-8156428,0.245715549,0.315103199,0.280409374,0.003714794,5.693816606,12.49350308,1.399059273,3.936742788,,,,,,,
B0361.9,chrIII:7298293-7299570,1.525993627,2.149620272,1.837806949,0.001110059,20.72549245,16.54545006,31.62696939,35.56643484,,2.453885321,7.963105793,19.54054841,B0361.9,WBGene00015163,"Public name for WBGene00015163. History: Split into B0361.14(WBGene00303033). History of WBGene00015163: Split into ""WBGene00303033"" on 2018-03-02"
B0391.10,chrV:15585670-15592959,1.550844012,1.878004452,1.714424232,2.72e-28,412.6706059,255.2271772,639.9877381,479.317775,,1.328650672,265.1860568,352.3396325,B0391.10,WBGene00007165,Public name for WBGene00007165. History: N.A.
B0457.4,chrII:8910833-8911950,0.316312927,0.375400941,0.345856934,2.64e-09,30.51885701,77.74673255,9.653508981,29.18619653,,3.123126772,3.412759626,10.65848095,B0457.4,WBGene00007179,Public name for WBGene00007179. History: N.A.
bli-4,chrI:6342232-6356680,1.853679748,1.559103598,1.706391673,0.00010555,33.96361606,37.34559664,62.95766726,58.2256541,,1.154551538,22.82283,26.35013347,bli-4,WBGene00000254,Public name for WBGene00000254. History: N.A.
bra-1,chrX:13598391-13599595,1.557074467,1.586514281,1.571794374,0.000736325,42.58974821,34.56817261,66.31540952,54.84289953,,1.132898927,9.669485606,10.95454987,bra-1,WBGene00000262,Public name for WBGene00000262. History: N.A.
C01F6.2,chrIV:9099350-9101565,5.203388094,2.054040757,3.628714426,0.000281002,3.871795292,2.797772898,20.14645352,5.746739562,,1.509511273,5.687932709,8.585998546,C01F6.2,WBGene00007222,Public name for WBGene00007222. History: N.A.
C01G10.1,chrV:15100309-15104365,0.185612466,0.635735446,0.410673956,0.002557505,10.55254003,23.2986951,1.958682982,14.81180632,,,,,,,
C01G5.4,chrIV:6531762-6535622,0.436827642,0.209578619,0.323203131,0.000422132,10.24886989,16.84090461,4.476989672,3.529493534,,0.0,0.568793271,0.0,C01G5.4,WBGene00015306,Public name for WBGene00015306. History: N.A.
C02B10.6,chrIV:5253429-5254729,0.327620732,0.272533668,0.3000772,0.007428106,1.708144982,13.78084057,0.559623709,3.755743029,,,,,,,
C02B10.6,chrIV:5253429-5254729,0.327620732,0.272533668,0.3000772,0.007428106,1.708144982,13.78084057,0.559623709,3.755743029,,,,,,,
C02B10.6,chrIV:5070920-5072219,0.327620732,0.272533668,0.3000772,0.007428106,1.708144982,13.78084057,0.559623709,3.755743029,,,,,,,
C02B10.6,chrIV:5070920-5072219,0.327620732,0.272533668,0.3000772,0.007428106,1.708144982,13.78084057,0.559623709,3.755743029,,,,,,,
C02F5.5,chrIII:8236131-8236777,0.446755543,0.232311652,0.339533598,0.011622115,2.505279307,10.51817893,1.119247418,2.443495524,,,,,,,
C03D6.1,chrI:9668619-9670705,0.637915367,0.253912558,0.445913963,0.012794475,11.84313854,9.623374061,7.554920072,2.443495524,,1.968927748,13.08224523,25.75799564,C03D6.1,WBGene00007275,Public name for WBGene00007275. History: N.A.
C04G2.8,chrIV:10110789-10111549,0.144741277,0.200142434,0.172441856,0.0,27.06460819,297.1934273,3.917365963,59.48101594,,,,,,,
C05C8.6,chrV:7234915-7237112,1.58992414,1.953818282,1.771871211,0.005280288,21.29487411,11.64934755,33.8572344,22.76070821,,0.539111169,15.92621159,8.585998546,C05C8.6,WBGene00015463,Sequence name for WBGene00015463(hpo-9). History: N.A.
C06A8.3,chrII:7790489-7791499,1.733472708,1.968811616,1.851142162,0.000159063,16.62594449,29.5032389,28.82062101,58.08631947,,4.771443679,6.825519251,32.56758069,C06A8.3,WBGene00015514,Sequence name for WBGene00015514(nlp-77). History: N.A.
C06H2.7,chrV:11143038-11144398,1.517654861,2.623542269,2.070598565,0.001437892,19.35897646,9.243504033,29.38024472,24.25072355,,0.0,1.706379813,0.0,C06H2.7,WBGene00007391,Public name for WBGene00007391. History: N.A.
C07A9.13,chrIII:9679598-9681170,0.424320877,0.313306148,0.368813513,2.44e-10,32.29602494,83.99361211,13.70387763,26.3157151,,1.952303358,3.007746396,5.872033389,C07A9.13,WBGene00044227,Public name for WBGene00044227. History: N.A.
C07D10.5,chrII:7381498-7383414,1.52804357,2.811864686,2.169954128,9.78e-05,36.44042628,10.9107113,55.68255905,30.6794438,,1.075743666,8.531899064,9.178136376,C07D10.5,WBGene00015569,Public name for WBGene00015569. History: N.A.
C08G5.1,chrII:734655-738672,0.277245418,0.310170138,0.293707778,7.98e-05,8.578683763,28.44804429,2.378400763,8.823733835,,0.694028172,0.853189906,0.592137831,C08G5.1,WBGene00015614,Public name for WBGene00015614. History: N.A.
C09G5.2,chrII:10702500-10714217,1.515498957,1.624190342,1.56984465,0.040842539,10.71522057,14.51287139,16.2389056,23.57166555,,0.297440645,11.94465869,3.552826984,C09G5.2,WBGene00007488,Sequence name for WBGene00007488(dph-2). History: N.A.
C09G5.8,chrII:10718313-10729174,1.704156241,2.848707707,2.276431974,0.03330224,2.353444121,3.830356123,4.010636488,10.91156501,,0.0237,12.51345196,0.296068915,C09G5.8,WBGene00007490,"Sequence name for WBGene00007490(mks-5). History: Split into C09G5.13(WBGene00206538). History of WBGene00007490: Renamed on 2011-07-12; Split into ""WBGene00206538"" on 2011-08-01"
C10G11.9,chrI:6274576-6275270,0.434962312,0.395651753,0.415307033,3.84e-05,6.111363081,54.55355699,2.658212618,21.58421046,,0.520521129,0.568793271,0.296068915,C10G11.9,WBGene00015689,Sequence name for WBGene00015689(spch-2). History: N.A.
C11D2.3,chrIV:6154209-6154607,0.590146515,0.64070769,0.615427103,0.001257654,52.15536011,42.7986899,30.779304,27.42144976,,0.190434559,23.32052411,4.441033731,C11D2.3,WBGene00015701,Public name for WBGene00015701. History: N.A.
C14A6.2,chrV:18148775-18154361,0.57378682,0.475498046,0.524642433,0.000454347,15.0450907,49.33507677,8.632674749,23.45873262,,3.230868194,2.183140057,7.053437775,C14A6.2,WBGene00206536,"Public name for Dead gene WBGene00007566. History of WBGene00007566: Merged into ""WBGene00206536"" on 2012-07-16"
C14E2.6,chrX:1827732-1828482,0.330065663,0.26283135,0.296448506,8.51e-05,15.2594285,19.62661815,5.036613381,5.15849055,,0.0,1.787635913,0.0,C14E2.6,WBGene00015775,Public name for WBGene00015775. History: N.A.
C15A11.2,chrI:7387353-7388713,0.0,0.487931689,0.243965844,0.022605516,1.822021314,13.16882766,0.0,6.425488319,,,,,,,
C17G1.5,chrX:9941563-9944707,2.731571408,3.533877578,3.132724493,0.002355395,7.938807186,1.139610086,21.68541872,4.027242532,,0.832833806,7.109915887,5.921378307,C17G1.5,WBGene00007652,Public name for WBGene00007652. History: N.A.
C17H12.3,chrIV:6793902-6795208,0.0,0.165353979,0.082676989,0.001515006,2.277526643,10.67253887,0.0,1.764746767,,,,,,,
C18A3.2,chrII:5718113-5719956,1.638103659,1.579785675,1.608944667,0.045451149,9.565611899,12.45973694,15.66946385,19.68371394,,0.289178405,10.23827888,2.960689154,C18A3.2,WBGene00015940,Sequence name for WBGene00015940(zipt-3). History: N.A.
C18E3.9,chrI:4214297-4215754,1.627466622,2.001207123,1.814336873,0.011672973,17.53695515,7.597400575,28.54080916,15.20397215,,0.398045569,9.669485606,3.8488959,C18E3.9,WBGene00015976,Public name for WBGene00015976. History: N.A.
C23H3.2,chrII:61312-64308,2.193888829,2.465773062,2.329830946,0.019256801,6.377074599,2.532466858,13.99059273,6.24448856,,3.048766611,15.92621159,48.55530212,C23H3.2,WBGene00016018,Public name for WBGene00016018. History: N.A.
C24D10.2,chrIV:5163328-5164341,0.279222215,0.112850026,0.19603612,0.001771166,2.505279307,10.82629582,0.699529636,1.221747762,,0.520521129,0.568793271,0.296068915,C24D10.2,WBGene00016054,Public name for WBGene00016054. History: N.A.
C24H12.6,chrII:417347-418881,0.313166876,0.338085886,0.325626381,1.48e-10,23.23077175,92.35062485,7.275108217,31.2224428,,6.766774673,1.137586542,7.6977918,C24H12.6,WBGene00016075,Public name for WBGene00016075. History: N.A.
C25A8.2,chrIV:7009824-7010728,0.650423512,0.416410829,0.53341717,0.007503405,5.807692938,24.77596735,3.777460036,10.3169811,,0.0,2.559569719,0.0,C25A8.2,WBGene00016083,Public name for WBGene00016083. History: N.A.
C25D7.10,chrV:15067440-15068536,2.293345123,4.38478775,3.339066436,0.000476868,5.124434946,3.798700287,11.75209789,16.65649449,,5.725732415,0.568793271,3.256758069,C25D7.10,WBGene00007720,Public name for WBGene00007720. History: N.A.
C26E6.1,chrIII:4956851-4957500,0.134638657,0.585670733,0.360154695,5.83e-05,16.62594449,31.90908241,2.238494836,18.68821567,,,,,,,
C27A12.9,chrI:6061781-6068034,1.58992414,2.495706121,2.04281513,0.005323304,11.61538588,7.832638635,18.4675824,19.54796419,,1.257926061,6.825519251,8.585998546,C27A12.9,WBGene00016159,Sequence name for WBGene00016159(pigo-1). History: N.A.
C27A2.7,chrII:5069842-5071350,0.495098494,0.492998104,0.494048299,0.002740387,15.2594285,28.91233005,7.554920072,14.25372389,,3.123126772,1.706379813,5.329240477,C27A2.7,WBGene00044386,Public name for WBGene00044386. History: N.A.
C27C12.1,chrX:14852487-14853675,0.563648571,0.33020594,0.446927256,9.95e-10,127.0859867,56.86970889,71.63183475,18.77871569,,0.400400868,22.18293757,8.882067461,C27C12.1,WBGene00007771,Public name for WBGene00007771. History: N.A.
C27F2.6,chrIII:4979758-4980381,0.64905994,0.184093729,0.416576835,0.003984193,6.035445603,12.53571095,3.917365963,2.307745772,,0.0,3.12836299,0.0,C27F2.6,WBGene00016168,Public name for WBGene00016168. History: N.A.
C34D4.4,chrIV:7149319-7150658,1.842866616,2.223644511,2.033255564,0.039442381,3.644042628,5.318180402,6.715484508,11.82574266,,3.730401422,3.412759626,12.73096336,C34D4.4,WBGene00016400,Public name for WBGene00016400. History: N.A.
C34F11.5,chrII:5195885-5199213,0.273017277,0.280268449,0.276642863,4.58e-05,6.149321935,30.79249473,1.678871127,8.630164735,,,,,,,
C36C9.1,chrX:1682951-1686379,0.267841594,0.43796837,0.352904982,4.05e-06,24.02790608,40.60388521,6.435672654,17.78321742,,3.160710986,7.400057903,23.38944431,C36C9.1,WBGene00016485,Sequence name for WBGene00016485(meg-4). History: N.A.
C36F7.2,chrI:9544738-9558087,1.872763379,1.509685491,1.691224435,0.001388808,23.46503154,24.66784114,43.94445175,37.24068187,,5.323065127,30.14604336,160.4693521,C36F7.2,WBGene00007985,Sequence name for WBGene00007985(swah-1). History: N.A.
C37A2.7,chrI:6789060-6789741,1.613532088,3.159449249,2.386490668,0.008924093,5.693816606,4.516232479,9.187155796,14.26880731,,0.0,1.990776448,0.0,C37A2.7,WBGene00016493,Public name for WBGene00016493. History: N.A.
C37A5.7,chrI:14163433-14168284,1.694980716,2.318477951,2.006729333,0.037256943,6.327843583,4.37950662,10.72557284,10.15378954,,0.358583308,6.330082111,2.269861783,C37A5.7,WBGene00007991,Public name for WBGene00007991. History: N.A.
C38C3.3,chrV:1496173-1497943,0.413287347,0.372860875,0.393074111,5.15e-11,99.18628528,56.43180307,40.99243669,21.04121145,,1.5151803,19.14937364,29.01475371,C38C3.3,WBGene00016512,"Public name for WBGene00016512. History: Split into C38C3.10(WBGene00045390). History of WBGene00016512: Split into ""WBGene00045390"" on 2007-04-20"
C38C6.5,chrII:14630455-14632539,0.102381479,0.16676726,0.134574369,0.00145146,2.733031971,11.39610086,0.279811855,1.900496518,,0.0,0.568793271,0.0,C38C6.5,WBGene00007998,Public name for WBGene00007998. History: N.A.
C39H7.1,chrIV:5631890-5633355,0.144538558,0.410863999,0.277701279,0.013795301,1.935897646,15.36363236,0.279811855,6.312363436,,,,,,,
C44B12.6,chrIV:1129817-1132683,0.606766968,0.585433581,0.596100274,0.002312124,55.79940274,23.18789967,33.8572344,13.57497513,,1.805351763,22.4673342,40.56144141,C44B12.6,WBGene00016639,Public name for WBGene00016639. History: N.A.
C44C1.1,chrX:0980773-0983024,1.662250234,2.073619223,1.867934729,7.68e-17,144.8506945,113.0746452,240.7781008,234.4737579,,1.161162518,110.9146878,128.7899782,C44C1.1,WBGene00016641,Public name for WBGene00016641. History: N.A.
C45B2.6,chrX:6053059-6057302,0.517295892,0.341358592,0.429327242,9.24e-07,38.94570559,49.4253116,20.14645352,16.87175477,,1.550719196,27.30207701,42.3378549,C45B2.6,WBGene00016661,Public name for WBGene00016661. History: N.A.
C50F7.6,chrIV:7720558-7723183,2.024645977,3.440801534,2.732723755,1.58e-09,22.3197611,19.59496232,45.1896145,67.42237639,,3.296633815,6.825519251,22.50123757,C50F7.6,WBGene00016846,Public name for WBGene00016846. History: N.A.
C53A5.13,chrV:14546898-14554518,2.205290476,1.594500029,1.899895252,2.47e-17,125.491718,88.0876388,276.7456905,140.4557426,,0.913699631,76.79584246,70.16833294,C53A5.13,WBGene00008270,Public name for WBGene00008270. History: N.A.
C55A6.10,chrV:11505331-11508240,1.79791865,1.578898079,1.688408364,0.040672275,9.337859234,8.957295011,16.78871127,14.14265588,,0.539111169,7.963105793,4.292999273,C55A6.10,WBGene00008339,Public name for WBGene00008339. History: N.A.
C56G2.15,chrIII:6366523-6367764,0.651294226,0.440316618,0.545805422,0.018819545,18.90347113,14.18181441,12.3117216,6.24448856,,0.483341048,7.963105793,3.8488959,C56G2.15,WBGene00016983,Public name for WBGene00016983. History: N.A.
ccb-1,chrI:3641674-3647011,0.45519736,0.582593796,0.518895578,0.00277282,26.00968495,20.78018973,11.83953993,12.10640961,,2.205732794,8.590528568,18.94841058,ccb-1,WBGene00000368,Public name for WBGene00000368. History: Renamed on 2015-03-05
cdh-1,chrIII:2910959-2935547,0.595819256,0.602292476,0.599055866,2.13e-05,100.3092501,59.04103381,59.76618278,35.55997044,,1.054505705,45.57163269,48.05554667,cdh-1,WBGene00019994,Public name for WBGene00019994. History: N.A.
clec-108,chrI:13081434-13082153,0.307144436,0.259373043,0.28325874,0.005021713,0.911010657,15.70129452,0.279811855,4.072492539,,,,,,,
clec-12,chrI:12476673-12478577,2.089752827,2.152856667,2.121304747,3.84e-09,48.51538446,31.92717157,101.3851619,68.73462417,,2.96407239,31.37842897,93.00793494,clec-12,WBGene00012103,Public name for WBGene00012103. History: N.A.
clec-123,chrII:3114249-3116742,0.515079927,0.215324869,0.365202398,0.005677398,2.664461338,12.78895763,1.372410551,2.753780631,,1.325856018,0.446607944,0.592137831,clec-123,WBGene00021288,Public name for WBGene00021288. History: N.A.
clec-166,chrIV:1249017-1251448,0.102381479,0.011846135,0.057113807,0.00013909,2.733031971,11.45941253,0.279811855,0.135749751,,0.88456079,235.2434168,208.0871026,clec-166,WBGene00009518,Public name for WBGene00009518. History: N.A.
cogc-1,chrI:3233391-3255566,1.544533676,1.85234629,1.698439983,0.000175588,32.32258113,33.77245279,49.92331504,62.55827764,,2.549012554,30.84830454,78.63271556,cogc-1,WBGene00003258,"Public name for WBGene00003258. History: Renamed on 2006-01-16; Merged into ""WBGene00002755"" on 2015-03-05; Renamed on 2015-03-05"
col-111,chrIV:4655815-4657578,0.53251331,0.584870393,0.558691851,1.66e-17,203.8765934,369.0250408,108.5669995,215.8318204,,1.597639108,86.17218055,137.6720456,col-111,WBGene00000685,Public name for WBGene00000685. History: N.A.
col-60,chrI:7105317-7106724,2.645405304,1.872978515,2.25919191,7.85e-08,28.24133037,21.5259683,74.70976515,40.31767614,,1.561563386,11.37586542,17.76413492,col-60,WBGene00000636,Public name for WBGene00000636. History: N.A.
col-68,chrII:104542-105819,1.787022174,4.350954712,3.068988443,0.007113287,2.505279307,2.785713544,4.476989672,12.12051347,,,,,,,
col-72,chrII:3520734-3521403,1.512095685,6.267516814,3.88980625,0.007042225,2.960784635,1.646103458,4.476989672,10.3169811,,0.520521129,1.137586542,0.592137831,col-72,WBGene00000648,Public name for WBGene00000648. History: N.A.
csb-1,chrX:15861280-15865833,0.261549419,0.389551517,0.325550468,6.72e-07,33.30895628,30.02999732,8.711938173,11.69823102,,0.900901953,7.394312522,6.661550596,csb-1,WBGene00000803,Public name for WBGene00000803. History: N.A.
cut-1,chrII:11269040-11271516,1.53572218,2.80672068,2.17122143,0.043055932,1.822021314,3.933765102,2.798118545,11.04097986,,0.0,1.137586542,0.0,cut-1,WBGene00000851,Public name for WBGene00000851. History: N.A.
cutl-14,chrI:10628731-10631662,1.894057356,2.416460244,2.1552588,0.028037191,5.466063942,3.946427436,10.35303862,9.536385006,,0.694028172,8.531899064,5.921378307,cutl-14,WBGene00015231,Public name for WBGene00015231. History: N.A.
cutl-7,chrI:8954550-8957474,4.690933206,8.402077738,6.546505472,1.64e-05,2.505279307,1.814934666,11.75209789,15.24922215,,13.39474371,4.265949532,57.14130067,cutl-7,WBGene00009961,Public name for WBGene00009961. History: N.A.
D1005.3,chrX:1452690-1454024,0.606513064,0.498401868,0.552457466,0.014545422,17.99246048,18.57142354,10.91266233,9.256032176,,2.082084515,1.706379813,3.552826984,D1005.3,WBGene00016997,Sequence name for WBGene00016997(cebp-1). History: Renamed on 2017-04-04
D1025.1,chrX:14520683-14522570,1.680080616,2.229285555,1.954683085,2.2e-09,68.78378028,45.58715624,115.5622959,101.6267889,,1.853563044,23.32052411,43.22606164,D1025.1,WBGene00008353,Public name for WBGene00008353. History: N.A.
D1081.6,chrI:8482787-8485687,1.549337621,3.351452056,2.450394839,0.002662405,13.70800947,4.840749114,21.23833478,16.22353857,,0.884197177,7.96379574,7.041565707,D1081.6,WBGene00008384,"Public name for WBGene00008384. History: Split into D1081.20(WBGene00304985). History of WBGene00008384: Split into ""WBGene00304985"" on 2019-09-26"
D2062.6,chrII:2619442-2619721,0.115179164,0.512857614,0.314018389,0.012897203,3.644042628,15.61687904,0.419717782,8.009235327,,,,,,,
D2062.7,chrII:2616905-2617371,0.040952591,0.244135947,0.142544269,0.001265632,3.416289964,12.78895763,0.139905927,3.12224428,,,,,,,
daf-1,chrIV:132415-138069,0.529619755,0.36161269,0.445616222,0.016932968,10.06254498,10.6363608,5.329322603,3.846243044,,0.0,1.706379813,0.0,daf-1,WBGene00000897,Public name for WBGene00000897. History: N.A.
dehydrogenase,chrX:17243181-17248720,1.744668977,2.927752106,2.336210542,3.18e-15,13.36148971,60.91327643,23.31137659,178.3389734,,0.382519191,102.1676763,39.08109683,,,
dhs-19,chrV:11489025-11490302,2.792222146,2.259709851,2.525965999,0.002373952,7.51583792,3.313310722,20.98588909,7.487120878,,2.914918321,5.687932709,16.57985926,dhs-19,WBGene00000982,Public name for WBGene00000982. History: N.A.
dyf-2,chrIII:13674796-13686325,1.738188395,2.688451551,2.213319973,0.007304005,6.28337442,6.26876463,10.9216885,16.85326999,,0.669241451,7.963105793,5.329240477,dyf-2,WBGene00001118,Public name for WBGene00001118. History: N.A.
E03H12.7,chrIV:4987746-4988587,0.327620732,0.331728206,0.329674469,0.002410392,3.416289964,20.59739703,1.119247418,6.832737573,,1.301302431,0.379195704,0.493448291,E03H12.7,WBGene00017114,Public name for WBGene00017114. History: N.A.
eat-16,chrI:9722539-9726280,3.474689203,3.081567498,3.278128351,3.07e-23,37.12368427,41.60727947,128.9932649,128.2156401,,1.973318906,38.10914915,75.2015045,eat-16,WBGene00001145,Public name for WBGene00001145. History: N.A.
erp-1,chrX:3800029-3802752,0.39564368,0.412336632,0.403990156,0.004419388,13.43740719,13.16882766,5.316425236,5.429990052,,0.331240718,6.25672598,2.072482408,erp-1,WBGene00001335,Other name for WBGene00001335(F35A5.8). History: Renamed on 2017-04-03
eva-1,chrI:14829653-14834826,1.934097071,3.208443222,2.571270146,0.001305873,10.70859297,4.865668588,20.7114583,15.6112214,,4.337676072,6.825519251,29.60689154,eva-1,WBGene00009304,Public name for WBGene00009304. History: Renamed on 2007-10-09
F07F6.1,chrII:5437863-5440220,0.263266659,0.040711718,0.151989189,0.000143719,3.1885373,13.33765887,0.839435564,0.542999005,,,,,,,
F09E5.14,chrII:5342644-5344850,1.555345299,2.394256318,1.974800809,2.64e-05,43.72851154,18.25678378,68.01293486,43.71141992,,1.473786412,27.32103659,40.26537249,F09E5.14,WBGene00017291,Public name for WBGene00017291. History: N.A.
F12A10.2,chrII:5495079-5495655,0.43605858,0.634165982,0.535112281,0.001526204,20.21304895,49.34089587,8.814073417,31.29031768,,1.090615649,1.990776448,2.171171947,F12A10.2,WBGene00017391,Public name for WBGene00017391. History: N.A.
F12A10.6,chrII:5494057-5494478,0.190065679,0.61425808,0.40216188,0.011615949,3.890774605,32.98921802,0.739502718,20.26389372,,,,,,,
F13B9.1,chrX:8287200-8294440,0.345073623,0.498644191,0.421858907,1.72e-07,45.92812285,61.44608745,15.84858373,30.63973455,,1.408440123,38.07052468,53.62005446,F13B9.1,WBGene00017419,Sequence name for WBGene00017419(sec-16A.2). History: N.A.
F13E9.1,chrIV:10864301-10873600,2.686332491,2.79796352,2.742148006,2.7e-19,59.21569271,37.07371783,159.0730393,103.7309101,,4.412913639,64.27363962,283.6340209,F13E9.1,WBGene00008750,Sequence name for WBGene00008750(nish-1). History: N.A.
F14B4.1,chrI:9265945-9270911,2.57585864,2.245705483,2.410782062,0.00288566,7.857466917,4.376327361,20.23972405,9.827942349,,3.331335223,5.687932709,18.94841058,F14B4.1,WBGene00008779,Public name for WBGene00008779. History: N.A.
F14H3.2,chrV:16049705-16051527,0.450478506,0.294526166,0.372502336,0.00492326,6.832579928,13.82726905,3.0779304,4.072492539,,0.780781693,1.137586542,0.888206746,F14H3.2,WBGene00008821,Sequence name for WBGene00008821(best-12). History: N.A.
F16A11.2,chrI:9390825-9393086,2.11823749,1.693892089,1.90606479,0.03426524,6.604827263,5.295453032,13.99059273,8.969926,,0.404849767,5.119139439,2.072482408,F16A11.2,WBGene00008877,Sequence name for WBGene00008877(rtcb-1). History: N.A.
F17A9.4,chrV:6108943-6110692,2.854896485,2.549762894,2.70232969,8.85e-11,31.65762033,16.50594535,90.37922901,42.08624698,,1.09309437,22.75173084,24.86978889,F17A9.4,WBGene00017536,Public name for WBGene00017536. History: N.A.
F17C11.1,chrV:10941425-10942752,1.785160692,1.702998804,1.744079748,1.32e-08,75.1583792,71.75322757,134.1697842,122.1956607,,1.94327888,17.06379813,33.15971852,F17C11.1,WBGene00077761,"Public name for Dead gene WBGene00008913. History of WBGene00008913: Merged into ""WBGene00077761"" on 2016-02-22"
F17C11.17,chrV:10942420-10943838,1.768299759,2.075817992,1.922058876,5.46e-14,98.50302729,86.37693541,174.1828794,179.3027966,,4.583477716,20.47655775,93.85384617,F17C11.17,WBGene00077761,"Sequence name for WBGene00077761(zip-9). History: Split into F17C11.26(WBGene00303011). History of WBGene00077761: Split into ""WBGene00303011"" on 2018-03-06"
F20B6.1,chrX:4200326-4201526,0.621190994,0.490920681,0.556055837,0.000645689,30.40498068,42.76854139,18.88730018,20.99596144,,3.965146245,9.669485606,38.34092454,F20B6.1,WBGene00017627,Public name for WBGene00017627. History: N.A.
F20B6.9,chrX:4204613-4207461,1.538833099,2.258609716,1.898721407,0.013192439,5.635599381,9.542569882,8.672246861,21.55294105,,0.275482956,23.52888844,6.481807749,F20B6.9,WBGene00017632,Public name for WBGene00017632. History: N.A.
F20D1.1,chrX:14968823-14970193,0.604218563,0.447402637,0.5258106,0.033278036,13.89291252,10.51847017,8.394355635,4.705991288,,2.165367895,14.21983177,30.7911672,F20D1.1,WBGene00008973,Sequence name for WBGene00008973(flwr-1). History: N.A.
F20D6.10,chrV:8192140-8195782,1.8758929,2.099219894,1.987556397,3.97e-08,63.54299333,27.60388875,119.19985,57.94663243,,1.047802272,43.79708186,45.89068188,F20D6.10,WBGene00017639,Public name for WBGene00017639. History: N.A.
F22B5.5,chrII:8453216-8454544,3.656481382,1.717305716,2.686893549,1.51e-05,9.565611899,13.67532103,34.97648181,23.48470698,,1.64164356,7.394312522,12.13882553,F22B5.5,WBGene00009043,Public name for WBGene00009043. History: N.A.
F22H10.1,chrX:16702358-16703357,0.455493109,0.547210025,0.501351567,8.49e-08,66.95928329,95.178546,30.49949214,52.08265449,,0.0,4.550346168,0.0,F22H10.1,WBGene00017725,Public name for WBGene00017725. History: N.A.
F25H9.6,chrV:13466969-13468307,1.857849272,2.144150489,2.00099988,0.021852674,9.337859234,4.305193659,17.34833498,9.230983089,,1.006340849,8.531899064,8.585998546,F25H9.6,WBGene00009138,Public name for WBGene00009138. History: N.A.
F28H6.4,chrX:14127802-14133408,0.591905877,0.442133726,0.517019801,7.72e-06,56.25490807,56.0489184,33.29761069,24.7811171,,0.275570009,9.669485606,2.664620238,F28H6.4,WBGene00009233,Public name for WBGene00009233. History: N.A.
F30A10.1,chrI:9472632-9475160,2.691170297,2.363360838,2.527265568,0.012302468,4.782805949,2.642207004,12.87134531,6.24448856,,7.391400027,2.843966355,21.02089299,F30A10.1,WBGene00009260,Sequence name for WBGene00009260(calm-1). History: N.A.
F31C3.4,chrI:15050787-15052407,1.53572218,1.751094692,1.643408436,0.008945627,14.57617051,19.60551435,22.38494836,34.33111211,,0.72872958,14.21983177,10.36241204,F31C3.4,WBGene00009286,Sequence name for WBGene00009286(zipt-1). History: N.A.
F31D5.4,chrII:4164484-4194452,0.574343339,0.613637646,0.593990492,0.00017963,69.94210003,45.84335933,40.17077925,28.13121109,,0.488606199,24.22166329,11.83485483,F31D5.4,WBGene00017947,Sequence name for WBGene00017947(mth-2). History: N.A.
F33E2.5,chrI:12591113-12592341,1.521621737,2.044025008,1.782823373,1.16e-10,114.1040848,74.11686347,173.6232557,151.4967225,,2.851036182,25.02690392,71.3526086,F33E2.5,WBGene00009361,Public name for WBGene00009361. History: N.A.
F33G12.7,chrII:5040203-5040664,0.335066658,0.494803959,0.414935308,0.012809581,7.51583792,14.81493112,2.518306691,7.330486571,,5.725732415,0.568793271,3.256758069,F33G12.7,WBGene00044666,Public name for WBGene00044666. History: N.A.
F36H12.10,chrIV:5253429-5254729,0.327620732,0.272533668,0.3000772,0.007428106,1.708144982,13.78084057,0.559623709,3.755743029,,,,,,,
F36H12.10,chrIV:5253429-5254729,0.327620732,0.272533668,0.3000772,0.007428106,1.708144982,13.78084057,0.559623709,3.755743029,,,,,,,
F36H12.10,chrIV:5070920-5072219,0.327620732,0.272533668,0.3000772,0.007428106,1.708144982,13.78084057,0.559623709,3.755743029,,,,,,,
F36H12.10,chrIV:5070920-5072219,0.327620732,0.272533668,0.3000772,0.007428106,1.708144982,13.78084057,0.559623709,3.755743029,,,,,,,
F36H12.9,chrIV:5067353-5068592,0.0,0.209753853,0.104876927,0.000957385,1.59426865,15.53246331,0.0,3.257994031,,,,,,,
F36H12.9,chrIV:5257058-5258297,0.0,0.213230437,0.106615218,0.001082617,1.59426865,15.27921663,0.0,3.257994031,,,,,,,
F39G3.2,chrV:4737830-4741123,1.710023991,4.662082708,3.186053349,0.011192072,1.504409747,2.332385515,2.572576759,10.87377418,,0.604396614,3.429010618,2.072482408,F39G3.2,WBGene00018207,Public name for WBGene00018207. History: N.A.
F40C5.1,chrV:3572709-3574154,1.921933501,4.57418771,3.248060605,0.002489497,11.50150954,1.899350144,22.10513651,8.687984084,,6.12913629,11.37586542,69.72422957,F40C5.1,WBGene00018228,Public name for WBGene00018228. History: N.A.
F40F4.7,chrX:3243892-3245970,0.534658833,0.38362034,0.459139587,0.003026709,24.59728774,14.18181441,13.15115716,5.440432466,,2.974406449,3.981552897,11.84275661,F40F4.7,WBGene00018238,Public name for WBGene00018238. History: N.A.
F40H3.6,chrII:6186966-6187312,1.690856165,3.906274226,2.798565196,4.44e-07,2.239567789,14.09378105,3.786787004,55.05417365,,0.271949629,41.37023038,11.25061878,F40H3.6,WBGene00018252,Public name for WBGene00018252. History: N.A.
F41G4.5,chrX:16830907-16832657,1.932217725,2.075256479,2.003737102,2.72e-05,12.52639653,32.18343291,24.20372542,66.78887764,,15.24383305,3.981552897,60.69412765,F41G4.5,WBGene00018309,Public name for WBGene00018309. History: N.A.
F42D1.2,chrX:14790926-14792900,1.638103659,7.427950212,4.533026935,0.000494807,0.683257993,2.36363565,1.119247418,17.55696793,,2.342345079,1.137586542,2.664620238,F42D1.2,WBGene00009628,Sequence name for WBGene00009628(tatn-1). History: N.A.
F42E8.1,chrV:13062408-13064099,0.575513163,0.379521619,0.477517391,1.06e-13,68.55355194,160.896061,39.45347149,61.0635336,,2.282284949,7.394312522,16.87592818,F42E8.1,WBGene00009630,Public name for WBGene00009630. History: N.A.
F42F12.3,chrX:12350510-12351515,1.623134043,2.812806084,2.217970064,7.88e-10,43.6146352,33.68180921,70.79239919,94.74039788,,1.639641555,11.37586542,18.65234167,F42F12.3,WBGene00009635,Public name for WBGene00009635. History: N.A.
F43D2.1,chrV:14612534-14613567,1.689294398,1.809409695,1.749352047,0.030605505,10.93212788,7.502433068,18.4675824,13.57497513,,0.809699533,5.119139439,4.144964815,F43D2.1,WBGene00009650,Sequence name for WBGene00009650(ccnk-1). History: N.A.
F43E2.11,chrII:7369929-7371213,1.638103659,4.912053669,3.275078664,0.00983081,1.024886989,2.321428038,1.678871127,11.40297911,,4.164169029,0.284396635,1.184275661,F43E2.11,WBGene00018397,Public name for WBGene00018397. History: N.A.
F43G6.5,chrII:11814754-11816491,2.42238442,2.498480443,2.460432432,2.46e-07,12.07089121,26.89479803,29.2403388,67.1961269,,8.166554465,21.04535103,171.8680054,F43G6.5,WBGene00009658,Sequence name for WBGene00009658(pap-3). History: N.A.
F43G9.1,chrI:8606396-8608626,1.563644402,2.441664178,2.00265429,0.029524768,7.51583792,4.811687031,11.75209789,11.74852386,,7.113788758,1.706379813,12.13882553,F43G9.1,WBGene00009664,Sequence name for WBGene00009664(idha-1). History: N.A.
F44E5.2,chrII:11766687-11773955,0.649021265,0.560755402,0.604888333,0.004951627,26.78087096,37.42180236,17.38135474,20.98447783,,0.41252435,7.547953823,3.113714741,F44E5.2,WBGene00009689,"Public name for WBGene00009689. History: Split into F44E5.15(WBGene00206377). History of WBGene00009689: Split into ""WBGene00206377"" on 2010-12-13"
F46F5.5,chrII:812146-813714,0.166785889,0.33408266,0.250434274,3.16e-19,59.5573217,124.7450966,9.933320835,41.67517365,,0.416416903,1.421983177,0.592137831,F46F5.5,WBGene00018496,Public name for WBGene00018496. History: N.A.
F47A4.5,chrX:9833313-9837973,0.299653108,0.378355921,0.339004515,0.005290745,9.337859234,10.41590627,2.798118545,3.940919808,,3.941088546,3.981552897,15.69165251,F47A4.5,WBGene00009801,Sequence name for WBGene00009801(ipla-2). History: N.A.
F52B11.1,chrIV:14077408-14083522,1.6989496,1.834351085,1.766650343,2.94e-05,43.00571249,31.27847411,73.06453804,57.37570291,,0.83248041,20.6630736,17.20160398,F52B11.1,WBGene00009924,Sequence name for WBGene00009924(cfp-1). History: N.A.
F52C6.14,chrII:1931145-1934508,3.49376796,1.657761563,2.575764762,0.000157061,7.288085256,16.13181389,25.46287876,26.74270101,,2.933846362,31.2836299,91.78136376,F52C6.14,WBGene00018671,Public name for WBGene00018671. History: N.A.
F53A3.6,chrIII:1927665-1931327,0.546034553,0.378164439,0.462099496,0.009249166,8.199095913,16.53138094,4.476989672,6.251580399,,2.542722592,5.356136824,13.61917011,F53A3.6,WBGene00004128,"Public name for Dead gene WBGene00018722. History of WBGene00018722: Merged into ""WBGene00004128"" on 2009-08-28"
F53F1.2,chrV:13406897-13408167,2.071719334,2.552560106,2.31213972,0.000268348,11.61538588,10.6363608,24.06381949,27.14995026,,0.97163944,8.531899064,8.28992963,F53F1.2,WBGene00009980,Public name for WBGene00009980. History: N.A.
F53F4.3,chrV:13592114-13592960,1.740485138,2.339073303,2.03977922,0.033804481,5.466063942,4.642855822,9.513603053,10.8599801,,0.867535214,1.706379813,1.480344577,F53F4.3,WBGene00009987,Sequence name for WBGene00009987(tbcb-1). History: N.A.
F54B11.5,chrX:13594052-13595988,0.291526922,0.220799614,0.256163268,0.00013679,20.15611079,9.876620747,5.876048945,2.180754052,,0.318096245,10.23827888,3.256758069,F54B11.5,WBGene00010028,Public name for WBGene00010028. History: N.A.
F54C4.4,chrIII:86775-87335,3.510222127,3.216225733,3.36322393,0.00404168,1.59426865,4.051946973,5.59623709,13.03197613,,0.0,1.706379813,0.0,F54C4.4,WBGene00018795,Public name for WBGene00018795. History: N.A.
F56G4.7,chrI:11361138-11362892,0.658726768,0.387319281,0.523023024,0.022511641,2.973437662,16.47281359,1.958682982,6.380238311,,7.495504253,2.843966355,21.31696191,F56G4.7,WBGene00044250,Public name for WBGene00044250. History: N.A.
F58A4.1,chrIII:9598375-9599947,1.589354635,1.78725356,1.688304098,0.000153113,51.27076626,25.37071339,81.48743001,45.34389783,,8.121652233,26.75743527,217.3145839,F58A4.1,WBGene00010226,Public name for WBGene00010226. History: N.A.
F58A4.14,chrIII:9609573-9612092,1.522921386,5.717734637,3.620328012,7.88e-10,29.42362633,9.876620747,44.8098698,56.47189654,,1.537808063,13.66938664,21.02089299,F58A4.14,WBGene00043992,Sequence name for WBGene00043992(bbs-4). History: N.A.
F59A7.7,chrV:2012205-2013333,0.543978703,0.589327912,0.566653308,0.024958916,12.60231401,21.65259164,6.855390435,12.76047662,,1.630966203,4.265949532,6.957619511,F59A7.7,WBGene00019094,Public name for WBGene00019094. History: N.A.
fbxa-1,chrIII:2331568-2341994,1.869303258,1.512065925,1.690684592,0.000341553,34.27735902,22.14286329,64.07477888,33.48146907,,1.229343449,12.06618479,14.83348522,fbxa-1,WBGene00021864,Public name for WBGene00021864. History: N.A.
fbxa-140,chrI:12960359-12962408,1.504380911,2.466181188,1.98528105,0.005352205,11.15988055,8.923327793,16.78871127,22.00654314,,0.72872958,8.531899064,6.217447223,fbxa-140,WBGene00008130,Public name for WBGene00008130. History: N.A.
fbxa-170,chrX:1676492-1678103,0.292038972,0.510176158,0.401107565,0.002632364,13.89291252,14.43506109,4.05727189,7.364424008,,2.342345079,5.687932709,13.32310119,fbxa-170,WBGene00016486,Public name for WBGene00016486. History: N.A.
fbxa-184,chrII:1710261-1711420,0.438268052,0.134112569,0.28619031,1.21e-16,78.42283398,73.10387673,34.3702227,9.804148675,,3.296633815,15.35741832,50.62778453,fbxa-184,WBGene00018439,Public name for WBGene00018439. History: N.A.
fbxa-224,chrII:7546751-7548057,0.357687191,0.323271921,0.340479556,0.00026134,17.99246048,17.63682273,6.435672654,5.701489555,,0.0,0.568793271,0.0,fbxa-224,WBGene00022890,Public name for WBGene00022890. History: N.A.
fbxa-46,chrX:1983708-1984828,2.281569086,3.2082933,2.744931193,2.83e-12,8.844395052,36.46752276,20.17909833,116.9985089,,0.144491189,399.5637299,57.7334385,fbxa-46,WBGene00018690,Public name for WBGene00018690. History: N.A.
fbxa-61,chrIII:1239273-1242728,0.18299289,0.067361234,0.125177062,0.0,54.10115999,119.5715231,9.900127594,8.054485335,,0.482936584,5326.874975,2572.542806,fbxa-61,WBGene00022486,Public name for WBGene00022486. History: N.A.
fbxa-63,chrIII:1243520-1245273,1.859515761,1.897772948,1.878644354,4.19e-07,68.97709195,20.38635821,128.2639896,38.68867912,,0.425448776,124.5657263,52.99633585,fbxa-63,WBGene00022485,Public name for WBGene00022485. History: N.A.
fbxa-76,chrIII:1247625-1249143,1.862311732,1.886701414,1.874506573,0.000390038,31.65762033,10.27457993,58.95635775,19.38506449,,0.283920616,12.51345196,3.552826984,fbxa-76,WBGene00044675,Public name for WBGene00044675. History: N.A.
fbxb-106,chrII:2762416-2764015,1.57143665,1.845632259,1.708534455,0.023970122,9.793364563,11.40054382,15.389652,21.04121145,,0.312312677,11.37586542,3.552826984,fbxb-106,WBGene00017911,Public name for WBGene00017911. History: N.A.
fbxb-15,chrII:1652517-1653500,1.681485645,1.672437381,1.676961513,0.043632934,8.958271385,9.496750718,15.06320474,15.8827209,,2.364236199,10.14347981,23.98158214,fbxb-15,WBGene00022557,Public name for WBGene00022557. History: N.A.
fbxb-79,chrIV:11188861-11189609,9.598263628,1.837843276,5.718053452,0.00018472,1.822021314,1.772726801,17.48824091,3.257994031,,0.936938032,2.843966355,2.664620238,fbxb-79,WBGene00011127,Public name for WBGene00011127. History: N.A.
fbxb-93,chrI:14083034-14084185,1.645786808,1.656536175,1.651161492,0.012699918,13.3416766,18.12228143,21.95755534,30.02021477,,3.226697067,6.137965358,19.80535482,fbxb-93,WBGene00013408,Public name for WBGene00013408. History: N.A.
fbxc-40,chrII:986008-988671,1.69113116,2.067452519,1.87929184,0.000271435,26.44516217,18.3849109,44.72223777,38.00993037,,1.231900005,8.531899064,10.5104465,fbxc-40,WBGene00016295,Public name for WBGene00016295. History: N.A.
fem-3,chrIV:9104945-9107589,1.54475584,6.171123287,3.857939564,1.09e-05,15.48718117,4.311524826,23.92391356,26.60695126,,1.010423367,9.669485606,9.770274207,fem-3,WBGene00001413,Public name for WBGene00001413. History: N.A.
fkb-5,chrI:3898047-3899842,3.055693364,1.877878692,2.466786028,4.73e-06,8.882353906,35.61432252,27.14174989,66.87937739,,6.02317306,3.981552897,23.98158214,fkb-5,WBGene00001430,Public name for WBGene00001430. History: N.A.
fog-1,chrI:3211046-3217366,1.75572378,1.708685475,1.732204627,0.025645391,11.24952172,8.768730062,19.75105279,14.98300169,,12.73085231,10.76947378,137.1045801,fog-1,WBGene00001481,Public name for WBGene00001481. History: N.A.
frs-3,chrV:19893467-19902824,1.500915262,1.580285749,1.540600506,0.014277523,21.53646525,20.62881633,32.32440939,32.59942448,,0.960970504,11.92454957,11.45914042,frs-3,WBGene00013361,Other name for WBGene00013361(fars-2). History: Renamed on 2010-01-29
gas-1,chrX:15586735-15590319,0.378734493,0.530249673,0.454492083,0.011980686,15.14555217,7.344153889,5.736143017,3.894235197,,0.876434194,21.61988968,18.94841058,gas-1,WBGene00001520,Public name for WBGene00001520. History: Renamed on 2008-02-26
Glutaredoxin,chrIII:4394766-4396297,0.591537432,0.590115766,0.590826599,-0.040748909,18.4479658,11.92369804,10.91266233,7.0363622,,0.0,3.981552897,0.0,,,
gly-14,chrIII:3490402-3493216,1.961413592,1.778383662,1.869898627,0.009308534,12.98190186,7.175322681,25.46287876,12.76047662,,0.231342724,10.23827888,2.368551323,gly-14,WBGene00001639,Public name for WBGene00001639. History: N.A.
gnrr-8,chrIV:15820019-15825578,4.29429536,3.656950877,3.975623118,1.65e-18,18.32270184,23.82207166,78.68309349,87.11614586,,0.0963,30.75858992,2.960689154,gnrr-8,WBGene00013642,Other name for WBGene00013642(daf-38). History: Renamed on 2012-06-29
gpd-2,chrX:3113425-3115570,1.893997343,1.694219337,1.79410834,1.17e-06,48.56825565,44.74728235,91.98814717,75.81171102,,0.755595187,35.2651828,26.64620238,gpd-2,WBGene00001684,Public name for WBGene00001684. History: N.A.
gst-15,chrII:13611738-13613051,1.823365382,3.183068767,2.503217075,0.000517988,14.34841785,6.141232131,26.1624084,19.54796419,,3.903908465,3.412759626,13.32310119,gst-15,WBGene00001763,Public name for WBGene00001763. History: N.A.
H04D03.4,chrIII:10445691-10450999,2.033859152,1.673979972,1.853919562,1.05e-07,57.96807386,33.58281964,117.8988975,56.21696747,,2.156187274,26.98584842,58.18654296,H04D03.4,WBGene00010365,"Public name for WBGene00010365. History: Split into H04D03.7(WBGene00305993). History of WBGene00010365: Split into ""WBGene00305993"" on 2020-01-20"
H05C05.1,chrIII:2947080-2960564,1.50164969,2.343142636,1.922396163,0.022550827,8.509450597,6.379027477,12.77821385,14.94697126,,0.422688769,5.721682058,2.418490747,H05C05.1,WBGene00019157,Public name for WBGene00019157. History: N.A.
H08M01.2,chrIV:13827853-13844946,2.310332144,3.112335845,2.711333995,1.64e-07,18.54934056,14.23033672,42.85513777,44.28958707,,1.463475717,16.60689673,24.3037901,H08M01.2,WBGene00010374,Sequence name for WBGene00010374(rga-5). History: N.A.
H12I13.6,chrII:6077861-6078193,0.163810366,0.569174493,0.36649243,5.37e-05,10.24886989,69.6428386,1.678871127,39.63892738,,29.14918321,0.568793271,16.57985926,H12I13.6,WBGene00019194,Public name for WBGene00019194. History: N.A.
H20J04.3,chrII:4335701-4338419,1.755111063,2.849615257,2.30236316,0.01724223,6.377074599,3.726344164,11.19247418,10.61864718,,1.18976258,3.981552897,4.737102646,H20J04.3,WBGene00019218,Sequence name for WBGene00019218(madf-3). History: N.A.
H28G03.2,chrX:5205738-5216201,0.266266477,0.263254856,0.264760666,1.09e-06,24.17004469,26.11843664,6.435672654,6.875805268,,2.882886251,7.394312522,21.31696191,H28G03.2,WBGene00019250,Public name for WBGene00019250. History: N.A.
H37N21.1,chrI:7140276-7147229,1.742866102,1.629184568,1.686025335,0.028954244,9.793364563,11.91132694,17.06852313,19.40575003,,0.0325,9.100692335,0.296068915,H37N21.1,WBGene00010427,Sequence name for WBGene00010427(hpo-11). History: N.A.
haf-3,chrV:15760420-15766150,1.500282438,1.710015531,1.605148985,0.007485364,23.68627708,18.93334598,35.53610552,32.37631569,,1.699684133,10.80707215,18.36860906,haf-3,WBGene00001813,Public name for WBGene00001813. History: N.A.
his-58,chrIV:11339604-11340103,0.522153468,0.587359975,0.554756722,0.04074533,9.727269373,16.80099648,5.079127435,9.868232875,,5.042719965,27.47604868,138.5540193,his-58,WBGene00001932,Public name for WBGene00001932. History: N.A.
hlh-11,chrIII:9622044-9626450,1.958542407,2.012542278,1.985542342,4.7899999999999993e-23,183.1131421,109.5144904,358.6348539,220.402542,,2.055501586,61.18319637,125.7621572,hlh-11,WBGene00001955,Public name for WBGene00001955. History: N.A.
hlh-31,chrIV:16257627-16259377,3.314302858,6.423088364,4.868695611,0.0,3.264454778,28.99674553,10.8193918,186.2486588,,0.0,3.981552897,0.0,hlh-31,WBGene00009540,Public name for WBGene00009540. History: N.A.
ife-3,chrV:6588-7822,2.067606448,1.600112305,1.833859376,0.003778235,9.337859234,25.45129193,19.30701796,40.72492539,,0.381715494,8.531899064,3.256758069,ife-3,WBGene00002061,Public name for WBGene00002061. History: N.A.
ile-2,chrX:768595-770772,0.438777766,0.471982805,0.455380286,0.016390058,9.565611899,13.42207435,4.197177818,6.334988304,,1.2145493,5.119139439,6.217447223,ile-2,WBGene00002071,Public name for WBGene00002071. History: N.A.
irx-1,chrI:9536455-9540959,5.437882084,2.769765667,4.103823875,0.0,26.98869071,70.97404652,146.7613177,196.5814773,,2.803716079,12.51345196,35.08416647,irx-1,WBGene00007984,Public name for WBGene00007984. History: N.A.
jac-1,chrIV:15997817-16026807,1.904969366,1.945186017,1.925077692,7.53e-07,35.63885989,40.01816007,67.89093633,77.84276541,,0.787983173,22.31826827,17.58641985,jac-1,WBGene00002175,Public name for WBGene00002175. History: N.A.
JC8.5,chrIV:13244291-13246985,2.595251449,1.882705931,2.23897869,0.036734246,4.099547957,2.456492852,10.63935778,4.624853662,,0.829022178,3.981552897,3.300795656,JC8.5,WBGene00010437,Sequence name for WBGene00010437(cox-11). History: N.A.
K01C8.7,chrII:8276274-8277543,1.695783365,1.946049629,1.820916497,0.005296469,16.17043916,11.64934755,27.42156174,22.67020847,,0.997665497,6.825519251,6.809585053,K01C8.7,WBGene00010459,Sequence name for WBGene00010459(slc-25A32). History: N.A.
K01D12.1,chrV:12377532-12378789,4.444560663,1.69745247,3.071006567,2.4e-05,7.743590585,1.519480115,34.4168581,2.579245275,,2.810814095,2.843966355,7.993860715,K01D12.1,WBGene00010461,Public name for WBGene00010461. History: N.A.
K01D12.15,chrV:12386288-12386685,0.261641534,0.588955425,0.42529848,0.049078667,4.099547957,11.54382801,1.072612016,6.798800135,,0.0,0.284396635,0.0,K01D12.15,WBGene00010474,Public name for WBGene00010474. History: N.A.
K02B12.5,chrI:8517473-8526614,1.675333288,2.361510817,2.018422052,0.014613031,7.51583792,6.584413831,12.59153345,15.54916449,,0.975977116,9.100692335,8.882067461,K02B12.5,WBGene00010498,Sequence name for WBGene00010498(tnsl-1). History: N.A.
K02E2.6,chrV:20375967-20377424,0.46342839,0.339155794,0.401292092,0.0,1193.082332,2089.179639,552.9082245,708.5573787,,0.726587608,8092.932857,5880.224728,K02E2.6,WBGene00010507,Public name for WBGene00010507. History: N.A.
K03H9.3,chrII:6423062-6424762,0.241050064,0.399872149,0.320461106,7.88e-12,35.98492095,105.8620803,8.67416749,42.33129754,,,,,,,
K08E7.5,chrIV:12573338-12578815,2.457155489,17.41903774,9.938096612,2.64e-06,2.733031971,1.293668402,6.715484508,22.53445872,,0.0,1.167523269,0.0,K08E7.5,WBGene00010673,Public name for WBGene00010673. History: N.A.
K08H2.3,chrX:13237343-13238286,0.340877062,0.491043345,0.415960203,2.48e-06,39.40121092,41.8363525,13.43096902,20.54346245,,0.983206576,10.23827888,10.06634312,K08H2.3,WBGene00010690,Public name for WBGene00010690. History: N.A.
K09E3.2,chrX:7345728-7346058,0.576977723,0.615300144,0.596138933,0.012139163,16.65495585,35.39345849,9.609538506,21.7776001,,1.915407799,17.44163954,33.4078524,K09E3.2,WBGene00019574,Public name for WBGene00019574. History: N.A.
K09E9.3,chrX:15611766-15613713,0.236882637,0.318082293,0.277482465,1.79e-30,139.3846305,176.0404797,33.01779883,55.99535953,,1.859004031,31.85242317,59.21378307,K09E9.3,WBGene00010726,Public name for WBGene00010726. History: N.A.
K09F6.6,chrII:2274876-2279147,0.329618419,0.068248822,0.198933621,0.000139462,9.337859234,11.93425007,3.0779304,0.814498508,,9.542887359,3.412759626,32.56758069,K09F6.6,WBGene00019589,"Public name for WBGene00019589. History: Split into K09F6.15(WBGene00271744). History of WBGene00019589: Split into ""WBGene00271744"" on 2017-06-29"
K09G1.2,chrV:9590698-9591178,0.307144436,0.182834538,0.244989487,0.00098872,1.822021314,16.33441124,0.559623709,2.986494529,,,,,,,
K09H9.1,chrI:3152835-3155569,3.550299466,2.367990375,2.959144921,6.21e-08,14.46229418,11.5227242,51.3454753,27.28570001,,4.266414251,15.92621159,67.94781608,K09H9.1,WBGene00019594,Public name for WBGene00019594. History: N.A.
K10C3.4,chrI:9860492-9862289,1.622352662,1.557736898,1.59004478,0.013894626,17.76470781,18.65583927,28.82062101,29.06088919,,0.591501283,12.51345196,7.401722884,K10C3.4,WBGene00010731,Public name for WBGene00010731. History: N.A.
K10D3.4,chrI:7134736-7139972,1.701107646,1.625844386,1.663476016,0.023560039,8.882353906,16.58765792,15.10984014,26.9689505,,2.168838036,10.23827888,22.20516865,K10D3.4,WBGene00010738,Public name for WBGene00010738. History: N.A.
K11B4.2,chrI:14797649-14798663,1.563644402,2.456026968,2.009835685,0.039402999,5.010558614,4.642855822,7.834731926,11.40297911,,0.0,2.275173084,0.0,K11B4.2,WBGene00010767,Sequence name for WBGene00010767(blos-9). History: N.A.
klp-8,chrX:3159931-3164416,0.356760409,0.660108632,0.508434521,2.61e-08,80.57509666,62.85994065,28.74600443,41.49438946,,1.340513892,21.51934523,28.84698122,klp-8,WBGene00002220,Other name for WBGene00002220(gcc-1). History: Renamed on 2015-03-25
lea-1,chrV:10020514-10023206,2.106133276,5.779215662,3.942674469,3.39e-11,6.377074599,11.77597089,13.43096902,68.05587541,,7.911921156,2.843966355,22.50123757,lea-1,WBGene00002263,Public name for WBGene00002263. History: N.A.
lgc-19,chrIV:15956531-15962673,2.715803435,1.647482862,2.181643148,0.032385356,4.327300621,2.801541462,11.75209789,4.615491544,,0.0,2.843966355,0.0,lgc-19,WBGene00013655,Public name for WBGene00013655. History: N.A.
lgc-8,chrIV:14715760-14720401,5.524155054,2.587822437,4.055988746,2.15e-11,9.244067726,18.6286497,51.06566345,48.20763766,,1.656060704,14.83865894,24.57371998,lgc-8,WBGene00013338,Public name for WBGene00013338. History: N.A.
lgg-2,chrIV:10934088-10935875,1.505998525,3.96188694,2.733942733,0.000282971,7.060332592,6.475879646,10.63285047,25.656703,,2.139920196,10.23827888,21.90909974,lgg-2,WBGene00002981,Public name for WBGene00002981. History: Renamed on 2008-02-29
lim-8,chrIII:6802724-6816064,1.747363786,6.896079716,4.321721751,0.000740812,1.766808602,2.333487392,3.087257368,16.09191507,,22.6426691,0.568793271,12.87899782,lim-8,WBGene00017904,Public name for WBGene00017904. History: Renamed on 2007-02-02
lin-15A,chrX:15731889-15735308,0.561898568,0.420000059,0.490949313,0.001629042,23.94103666,23.27138269,13.45243422,9.773982094,,0.779885293,5.694470419,4.441033731,lin-15A,WBGene00023498,Public name for WBGene00023498. History: N.A.
lin-15B,chrX:15726050-15731778,0.644995306,0.626629217,0.635812262,2.75e-05,97.03107025,95.17492838,62.58458489,59.63939083,,1.597053463,25.02690392,39.96930357,lin-15B,WBGene00023497,Public name for WBGene00023497. History: N.A.
lin-45,chrIV:6742522-6748408,1.658080533,1.826317962,1.742199248,1.32e-06,56.02715541,49.80355807,92.8975357,90.95713267,,0.387839272,29.00845682,11.25061878,lin-45,WBGene00003030,Public name for WBGene00003030. History: N.A.
lin-66,chrIV:13888056-13893947,1.644583489,1.939018013,1.791800751,0.00876136,11.99497373,12.62917113,19.72673574,24.48819031,,3.423872313,12.7978486,43.81819947,lin-66,WBGene00001562,Public name for WBGene00001562. History: N.A.
lnp-1,chrX:4588739-4590418,0.465308514,0.600092432,0.532700473,1.14e-05,68.55355194,40.26622305,31.89855141,24.16345573,,0.751131755,22.4673342,16.87592818,lnp-1,WBGene00015492,Public name for WBGene00015492. History: N.A.
lsy-12,chrV:9846122-9849088,2.126384557,2.038567321,2.082475939,0.027035999,5.921569271,4.178570316,12.59153345,8.518296894,,2.4290986,1.706379813,4.144964815,lsy-12,WBGene00045419,Public name for WBGene00045419. History: Renamed on 2010-05-21
ltd-1,chrII:8088356-8092684,3.815057206,3.158793131,3.486925169,0.000568209,4.327300621,2.836362881,16.50889942,8.959483586,,11.97198596,3.981552897,47.66709537,ltd-1,WBGene00003089,Public name for WBGene00003089. History: N.A.
M01E11.1,chrI:5582104-5583439,1.501595021,2.256306081,1.878950551,0.0156751,14.34841785,6.858764323,21.5455128,15.47547165,,0.0347,8.531899064,0.296068915,M01E11.1,WBGene00019710,Public name for WBGene00019710. History: N.A.
M01F1.7,chrIII:3521129-3529711,2.365988942,1.534664257,1.9503266,3.51e-06,32.22700199,18.55098628,76.24873035,28.46953558,,0.241670524,19.90776448,4.811119875,M01F1.7,WBGene00010813,Sequence name for WBGene00010813(pitp-1). History: N.A.
M03E7.3,chrV:5615026-5616165,0.076786109,0.121826732,0.099306421,0.000504954,3.644042628,11.14285418,0.279811855,1.357497513,,,,,,,
M05D6.6,chrII:8482306-8483803,1.898711059,2.081571589,1.990141324,0.012778439,10.02111723,5.887985445,19.02720611,12.25626322,,0.572573242,5.687932709,3.256758069,M05D6.6,WBGene00010879,Sequence name for WBGene00010879(taap-1). History: N.A.
mai-1,chrX:3113430-3116588,1.774889472,1.634106896,1.704498184,3.12e-06,56.08409357,48.88554339,99.54306724,79.88420356,,1.156713619,40.95311551,47.37102646,mai-1,WBGene00003124,Public name for WBGene00003124. History: N.A.
mek-1,chrX:7479195-7480958,0.287539472,0.096728593,0.192134033,1.6e-05,10.70437522,16.84090461,3.0779304,1.628997016,,7.113788758,5.119139439,36.41647659,mek-1,WBGene00003185,Public name for WBGene00003185. History: N.A.
mod-5,chrI:3035238-3047795,1.54222933,2.652617553,2.097423442,1.37e-06,44.36945445,21.61037668,68.42787402,57.32406452,,1.86292963,37.82954858,70.47378695,mod-5,WBGene00003387,Public name for WBGene00003387. History: N.A.
nhr-11,chrIV:9069989-9073580,3.084527485,6.75407449,4.919300988,0.000656742,5.010558614,1.085342867,15.45520576,7.330486571,,1.25060276,1.183704869,1.480344577,nhr-11,WBGene00003610,Public name for WBGene00003610. History: N.A.
nhr-229,chrIV:17029322-17030551,0.369168757,0.495007402,0.432088079,2.31e-13,70.48944959,177.2033386,26.02250247,87.71696421,,1.987444309,3.12836299,6.217447223,nhr-229,WBGene00013795,Public name for WBGene00013795. History: N.A.
nhr-236,chrIV:2327135-2329639,1.645752885,2.029295771,1.837524328,1.13e-06,49.61339281,39.05260516,81.65138437,79.2492865,,5.72333993,43.35503564,248.1356067,nhr-236,WBGene00021417,Public name for WBGene00021417. History: N.A.
nhr-81,chrI:12328089-12329484,0.632903686,0.334774428,0.483839057,0.022564632,7.51583792,11.353893,4.756801527,3.800993037,,1.892804104,6.25672598,11.84275661,nhr-81,WBGene00003671,Public name for WBGene00003671. History: N.A.
nspd-4,chrII:4842568-4842900,0.039546495,0.486431651,0.262989073,0.007479188,3.537757975,15.44201803,0.139905927,7.511486329,,,,,,,
num-1,chrV:20825198-20832939,1.746704696,1.587830832,1.667267764,0.007831825,17.978494,16.34040128,31.4031199,25.94579295,,1.066938258,11.45305123,12.21969853,num-1,WBGene00003830,Public name for WBGene00003830. History: N.A.
oac-38,chrIV:14150288-14153329,2.047629574,2.054810885,2.05122023,0.049656296,0.341628996,9.11688069,0.699529636,18.73346568,,0.0,0.568793271,0.0,oac-38,WBGene00010392,Public name for WBGene00010392. History: N.A.
otpl-6,chrV:8526051-8528558,1.720008842,1.514526542,1.617267692,0.02579422,15.9426865,9.500971581,27.42156174,14.38947364,,0.59488129,7.963105793,4.737102646,otpl-6,WBGene00018479,Public name for WBGene00018479. History: N.A.
pek-1,chrX:11410110-11414739,0.619823006,0.336090649,0.477956828,0.001139006,12.64027287,25.17694143,7.834731926,8.461734589,,0.325325705,13.6510385,4.441033731,pek-1,WBGene00003970,Public name for WBGene00003970. History: N.A.
peptidase,chrII:3282648-3287148,0.31428733,0.427330691,0.37080901,0.002029158,9.793364563,19.75324149,3.0779304,8.441166329,,,,,,,
ppk-3,chrX:12968880-12975564,0.524705078,0.43262764,0.478666359,0.00160414,21.86425577,23.23538342,11.47228603,10.05226908,,1.908577472,6.825519251,13.02703228,ppk-3,WBGene00004089,Public name for WBGene00004089. History: N.A.
pqn-65,chrX:4610898-4620396,0.465641711,0.398960001,0.432300856,1.01e-10,78.11916384,92.29784545,36.37554109,36.82314848,,2.549218861,22.18293757,56.54916284,pqn-65,WBGene00004148,Public name for WBGene00004148. History: N.A.
pqn-73,chrII:8541210-8545383,5.440844296,5.025352708,5.233098502,0.000531739,1.59426865,2.025973487,8.67416749,10.18123135,,8.068077494,1.706379813,13.76720456,pqn-73,WBGene00004155,Public name for WBGene00004155. History: N.A.
prdx-2,chrII:5378040-5379605,2.150011053,3.656445054,2.903228053,0.001176512,2.733031971,5.42454401,5.876048945,19.83454712,,4.337676072,1.706379813,7.401722884,prdx-2,WBGene00006434,Public name for WBGene00006434. History: N.A.
prmt-5,chrIII:5230528-5234457,1.638103659,2.015773663,1.826938661,6.13e-11,95.65611899,73.80874658,156.6946385,148.7817274,,1.347571366,51.19139439,68.98405728,prmt-5,WBGene00016408,Public name for WBGene00016408. History: Renamed on 2007-07-20
ptr-13,chrII:11157214-11162255,0.478269547,0.259897028,0.369083287,0.000260292,12.30623555,22.03246167,5.885697697,5.726171303,,0.446160967,3.981552897,1.776413492,ptr-13,WBGene00004227,Public name for WBGene00004227. History: N.A.
pxn-1,chrV:8494872-8502138,1.750876066,1.931550853,1.841213459,0.017992506,8.96681211,8.996839735,15.69977671,17.37785346,,0.380736458,6.804189504,2.590603009,pxn-1,WBGene00004256,Public name for WBGene00004256. History: N.A.
R02D5.1,chrV:14508230-14509618,1.661723547,2.076461142,1.869092345,1.53e-17,135.7405879,125.1038628,225.5633312,259.7733099,,1.549095814,94.98847625,147.1462509,R02D5.1,WBGene00010976,Public name for WBGene00010976. History: N.A.
R03H10.6,chrII:4171287-4173869,0.400917662,0.390318657,0.395618159,1.72e-07,56.53220696,39.12661296,22.66476022,15.27184702,,0.173507043,15.35741832,2.664620238,R03H10.6,WBGene00019858,Public name for WBGene00019858. History: N.A.
R04E5.8,chrX:8801563-8806051,0.408917407,0.502546594,0.455732001,1.77e-16,153.277543,161.4448506,62.67785541,81.13355984,,0.636192491,25.59569719,16.28379035,R04E5.8,WBGene00019871,Public name for WBGene00019871. History: N.A.
R05A10.2,chrIV:14177251-14178787,7.634733125,1.748307322,4.691520224,2.32e-09,6.377074599,8.230517289,48.68726268,14.38947364,,0.0,15.92621159,0.0,R05A10.2,WBGene00011019,Public name for WBGene00011019. History: N.A.
R05G9.1,chrII:6503117-6504526,0.52058379,0.543482589,0.53203319,0.00214282,20.15611079,36.46752276,10.49294454,19.81946369,,1.08836236,6.25672598,6.809585053,R05G9.1,WBGene00019903,Public name for WBGene00019903. History: N.A.
R07E4.5,chrX:5949502-5953134,0.39943907,0.239551214,0.319495142,5.45e-10,46.23379084,51.37931542,18.4675824,12.30797736,,0.774433874,23.32052411,18.06020384,R07E4.5,WBGene00019938,Public name for WBGene00019938. History: N.A.
R07H5.9,chrIV:11207501-11209252,4.888446183,3.333005398,4.11072579,7.73e-11,10.81825155,9.454542853,52.8844405,31.51204236,,6.606614325,7.394312522,48.85137104,R07H5.9,WBGene00011129,Public name for WBGene00011129. History: N.A.
R08E3.3,chrX:4818568-4821678,0.446755543,0.441442748,0.444099146,0.00289506,17.53695515,17.22077464,7.834731926,7.601986073,,2.949619729,6.825519251,20.13268625,R08E3.3,WBGene00019959,Public name for WBGene00019959. History: N.A.
R10E9.2,chrIII:3962704-3964075,0.0,0.34598942,0.17299471,0.005164953,2.733031971,11.82662023,0.0,4.091885477,,,,,,,
R11A5.4,chrI:7866125-7872074,1.577700839,2.194521319,1.886111079,0.043511104,5.718579242,5.664204518,9.022207268,12.43021757,,0.533308859,11.65824853,6.217447223,R11A5.4,WBGene00011232,Sequence name for WBGene00011232(pck-2). History: N.A.
R11H6.2,chrV:14597916-14600069,1.770597337,1.572219822,1.67140858,0.010779114,15.48718117,15.70129452,27.42156174,24.68588648,,0.707123043,15.07302168,10.65848095,R11H6.2,WBGene00011250,Public name for WBGene00011250. History: N.A.
R12E2.13,chrI:4177310-4178450,1.53572218,1.771692423,1.653707302,0.000639316,37.35143694,26.97077204,57.36143017,47.78391246,,1.019353877,13.6510385,13.91523902,R12E2.13,WBGene00020038,Public name for WBGene00020038. History: N.A.
R13A1.10,chrIV:7225398-7226606,2.531866297,1.839021381,2.185443839,9.62e-08,33.70739431,16.46103458,85.34261563,30.27219454,,2.472475361,29.57725009,73.1290221,R13A1.10,WBGene00044504,Public name for WBGene00044504. History: N.A.
R13H9.6,chrIV:5067353-5068642,0.068254319,0.218493597,0.143373958,0.001036643,2.049773978,15.53246331,0.139905927,3.393743783,,,,,,,
R13H9.6,chrIV:5257008-5258297,0.068254319,0.222115038,0.145184679,0.001171208,2.049773978,15.27921663,0.139905927,3.393743783,,,,,,,
R144.6,chrIII:5003227-5004685,1.53572218,2.239557665,1.887639923,0.0366,9.11010657,5.149349194,13.99059273,11.53226446,,0.347014086,5.119139439,1.776413492,R144.6,WBGene00020096,"Public name for WBGene00020096. History: Split into R144.12(WBGene00043060). History of WBGene00020096: Split into ""WBGene00043060"" on 2004-09-21"
rme-6,chrX:1097149-1103318,0.302636743,0.374905532,0.338771138,2.06e-07,39.58952365,34.62608659,11.98124449,12.98151143,,0.703481032,65.63079288,46.17001787,rme-6,WBGene00004377,Public name for WBGene00004377. History: N.A.
rnh-1.2,chrII:9839690-9841943,1.729109418,1.694892672,1.712001045,0.009515119,12.29864387,17.31136705,21.26570094,29.34090916,,2.825686127,7.963105793,22.50123757,rnh-1.2,WBGene00014163,"Public name for WBGene00014163. History: Split into ZK938.11(WBGene00270290). History of WBGene00014163: Split into ""WBGene00270290"" on 2016-07-01"
rpl-11.2,chrX:2241749-2242614,0.430393477,0.416191808,0.423292643,0.001117529,17.87858414,20.76622824,7.694825999,8.642734076,,1.735070429,8.531899064,14.80344577,rpl-11.2,WBGene00004423,Public name for WBGene00004423. History: N.A.
rpl-20,chrIV:4749002-4749773,1.558196164,1.939000285,1.748598224,0.000549239,18.67571847,27.35064207,29.10043287,53.03290275,,1.908577472,5.119139439,9.770274207,rpl-20,WBGene00004432,Public name for WBGene00004432. History: N.A.
rpl-42,chrII:11092672-11093778,0.24704374,0.244270309,0.245657024,1.78e-07,5.693816606,50.01622045,1.406621748,12.21747762,,0.00703,1.137586542,0.008001855,rpl-42,WBGene00004455,Public name for WBGene00004455. History: N.A.
rpl-43,chrII:14155180-14155563,1.595555512,1.634190373,1.614872942,0.007126017,17.53695515,23.42531844,27.98118545,38.28142987,,0.780781693,5.687932709,4.441033731,rpl-43,WBGene00004456,Public name for WBGene00004456. History: N.A.
rpm-1,chrV:8805391-8819931,1.781417184,1.716639129,1.749028157,0.000200865,24.01927357,35.80724939,42.78834668,61.46812542,,12.02938156,6.40785094,77.08248391,rpm-1,WBGene00004457,Public name for WBGene00004457. History: N.A.
rps-21,chrIII:7189070-7189567,0.569025482,0.616135198,0.59258034,0.017125667,21.6365031,22.03246167,12.3117216,13.57497513,,3.036373251,6.825519251,20.72482408,rps-21,WBGene00004490,Public name for WBGene00004490. History: N.A.
sax-7,chrIV:8062649-8083632,1.556874081,1.601731348,1.579302714,5.05e-05,55.13072274,56.12497344,85.83159328,89.89712938,,1.375450989,31.65067504,43.5339523,sax-7,WBGene00004732,Public name for WBGene00004732. History: N.A.
scm-1,chrI:1862612-1872307,1.83786163,2.181772634,2.009817132,0.002151932,13.24466831,10.6491447,24.34186769,23.23401248,,1.582967291,4.483173389,7.096716833,scm-1,WBGene00004743,Public name for WBGene00004743. History: N.A.
sdc-1,chrX:16275685-16282353,0.481435874,0.554362407,0.51789914,8.1e-05,49.83067387,36.52200929,23.99027402,20.24642897,,0.720972349,17.73051485,12.78321094,sdc-1,WBGene00004745,Public name for WBGene00004745. History: N.A.
ser-3,chrI:6820547-6823092,1.523374665,2.60954653,2.066460598,1.94e-12,90.64556037,51.6562941,138.0871502,134.799503,,2.045874349,130.8224523,267.6462995,ser-3,WBGene00004778,Public name for WBGene00004778. History: N.A.
sfxn-1.4,chrII:11679116-11680951,1.909550098,2.239723054,2.074636576,0.016268719,4.706822878,7.136205691,8.987914087,15.98312441,,0.808478546,2.365800622,1.912699047,sfxn-1.4,WBGene00008137,Public name for WBGene00008137. History: N.A.
skr-7,chrV:4422391-4423068,2.10830011,3.863167691,2.985733901,0.003473261,3.074660967,3.672076944,6.482308056,14.18584901,,0.0,0.853189906,0.0,skr-7,WBGene00004813,Public name for WBGene00004813. History: N.A.
sma-3,chrIII:6860900-6863907,1.965724391,2.948206922,2.456965657,0.000173938,20.49773978,6.07792046,40.29290705,17.91896717,,0.665110331,10.23827888,6.809585053,sma-3,WBGene00004857,Public name for WBGene00004857. History: N.A.
spat-3,chrX:4596048-4605869,0.356905267,0.299624935,0.328265101,2.6e-08,40.7677269,42.54966408,14.55021643,12.74894034,,1.561563386,11.37586542,17.76413492,spat-3,WBGene00020496,Public name for WBGene00020496. History: N.A.
srv-14,chrIV:15891616-15894190,2.593664127,3.752263356,3.172963741,0.046600378,4.099547957,0.253246686,10.63285047,0.950248259,,0.0,2.275173084,0.0,srv-14,WBGene00005725,Public name for WBGene00005725. History: N.A.
ssq-1,chrIV:9852526-9853531,0.409525915,0.126126499,0.267826207,0.002470123,3.416289964,10.76298415,1.399059273,1.357497513,,,,,,,
str-166,chrIV:4884285-4886852,3.440017913,5.348437351,4.394227632,0.000635104,0.488041391,3.376622393,1.678871127,18.05965333,,0.0,0.568793271,0.0,str-166,WBGene00006211,Public name for WBGene00006211. History: N.A.
T01D1.8,chrII:191236-192039,0.437727871,0.487986066,0.462856968,0.009249405,24.96161069,2.788879128,10.92639269,1.360934154,,0.290624297,5.119139439,1.4877463,T01D1.8,WBGene00044641,Public name for WBGene00044641. History: N.A.
T01G5.8,chrV:15116243-15116571,0.476839915,0.565464,0.521151957,6.06e-10,79.9032263,172.4567722,38.10104762,97.51809626,,3.455656149,21.23494859,73.38068067,T01G5.8,WBGene00077585,Public name for WBGene00077585. History: N.A.
T01G9.2,chrI:8275641-8288118,1.523670235,3.005492739,2.264581487,0.000308087,18.15597596,9.581326501,27.66372015,28.79660723,,2.943474259,18.50113304,54.45760885,T01G9.2,WBGene00011344,Public name for WBGene00011344. History: N.A.
T02H6.7,chrII:682674-683326,0.068254319,0.348949973,0.208602146,0.004479532,4.099547957,10.76298415,0.279811855,3.755743029,,,,,,,
T05F1.5,chrI:9633176-9635927,0.460716654,0.242081507,0.35139908,0.007733447,3.644042628,11.77597089,1.678871127,2.850744777,,0.0,0.568793271,0.0,T05F1.5,WBGene00011491,Public name for WBGene00011491. History: N.A.
T07F8.1,chrII:7149187-7151700,4.21989747,7.212142554,5.716020012,3.73e-07,5.238311278,2.785713544,22.10513651,20.09096319,,5.693199845,9.100692335,51.81206019,T07F8.1,WBGene00020318,Public name for WBGene00020318. History: N.A.
T08B6.2,chrIV:4894361-4896819,0.59698496,0.293796641,0.445390801,0.0,64.68175665,192.2142345,38.61403592,56.47189654,,2.021173943,2847.568712,5755.43168,T08B6.2,WBGene00020352,Public name for WBGene00020352. History: N.A.
T08D2.4,chrX:177395-177856,1.842866616,1.937982173,1.890424395,0.043705931,8.882353906,3.292206916,16.36899349,6.380238311,,5.156412431,9.100692335,46.92692309,T08D2.4,WBGene00011609,Public name for WBGene00011609. History: N.A.
T08H10.4,chrV:4480417-4481532,1.827014,1.519033719,1.67302386,0.0007411,35.30166296,14.47726896,64.49663246,21.99145971,,0.729802815,9.195491403,6.710895514,T08H10.4,WBGene00020371,Sequence name for WBGene00020371(oac-60). History: N.A.
T10B10.3,chrX:15177973-15181387,0.440787435,0.484305041,0.462546238,0.00060119,29.83559902,20.55518942,13.15115716,9.954981853,,1.08836236,6.25672598,6.809585053,T10B10.3,WBGene00011680,Public name for WBGene00011680. History: N.A.
T10B5.4,chrV:1870600-1871789,1.870788838,2.461761293,2.166275065,0.000134183,10.02111723,16.7714241,18.74739425,41.28724267,,6.566574239,7.394312522,48.55530212,T10B5.4,WBGene00020390,Public name for WBGene00020390. History: N.A.
T10D4.6,chrII:3119325-3123169,0.60738675,0.327578539,0.467482645,0.005377233,10.13499356,16.85241594,6.155860799,5.520489796,,3.071074659,5.687932709,17.46806601,T10D4.6,WBGene00020408,Public name for WBGene00020408. History: N.A.
T10E9.4,chrI:6525049-6528690,0.263266659,0.485797754,0.374532207,0.031203653,3.1885373,12.94723681,0.839435564,6.289738568,,,,,,,
T13F2.6,chrIV:9778261-9781174,1.596415392,1.530227058,1.563321225,0.001562484,38.03469493,29.62986224,60.71917243,45.34041694,,0.699450267,18.20138467,12.73096336,T13F2.6,WBGene00011746,Public name for WBGene00011746. History: N.A.
T13F3.8,chrV:16271612-16272471,0.111688886,0.320144984,0.215916935,0.002933048,5.010558614,11.02467231,0.559623709,3.529493534,,,,,,,
T13H5.3,chrII:8520841-8523402,1.736254498,1.637351282,1.68680289,0.002783253,27.55807237,13.92856772,47.84782712,22.80595822,,3.792368223,11.94465869,45.29854405,T13H5.3,WBGene00011757,Sequence name for WBGene00011757(cht-2). History: N.A.
T13H5.6,chrII:8526733-8531153,5.528599849,2.556487121,4.042543485,0.00045498,2.733031971,3.292206916,15.10984014,8.416484581,,8.640650736,2.843966355,24.57371998,T13H5.6,WBGene00011760,Public name for WBGene00011760. History: N.A.
T14G8.3,chrX:12861157-12869949,0.470519136,0.657274293,0.563896714,0.000105826,53.5218761,44.57141671,25.18306691,29.2956464,,2.028778134,47.20984149,95.77829412,T14G8.3,WBGene00011771,Public name for WBGene00011771. History: N.A.
T16G12.6,chrIII:10069469-10075929,1.606961004,1.90557457,1.756267787,0.00047438,29.94947535,22.38067586,48.12763898,42.64804678,,0.900360871,21.04535103,18.94841058,T16G12.6,WBGene00011807,Public name for WBGene00011807. History: N.A.
T20F7.1,chrX:16872842-16878204,0.46514975,0.448958088,0.457053919,7.21e-12,99.92450386,117.1971394,46.47985802,52.61660361,,2.781240973,43.29938775,120.4260313,T20F7.1,WBGene00020630,Public name for WBGene00020630. History: N.A.
T22F7.1,chrIII:542063-546508,1.838051426,2.595094107,2.216572766,0.022055147,7.948434064,3.121617162,14.60963056,8.100890301,,2.815194495,4.526872069,12.74402533,T22F7.1,WBGene00020701,Public name for WBGene00020701. History: N.A.
T23B3.5,chrI:6705567-6706379,0.204762928,0.574129681,0.389446305,0.048789758,3.1885373,11.5227242,0.652894234,6.615537971,,,,,,,
T24A6.16,chrV:3561456-3562916,1.997990069,3.341533229,2.669761649,0.004201797,11.27375688,2.437499351,22.52485429,8.144985078,,6.835264295,10.80707215,73.86919438,T24A6.16,WBGene00020753,Public name for WBGene00020753. History: N.A.
T24B8.3,chrII:9059308-9061059,2.330061239,2.326221224,2.328141232,0.001986441,6.604827263,8.642043154,15.389652,20.1033042,,3.843848335,7.394312522,28.42261588,T24B8.3,WBGene00011977,Public name for WBGene00011977. History: N.A.
T26C12.2,chrIV:3263846-3265368,0.135487529,0.576686997,0.356087263,0.015443289,4.130444427,17.73315751,0.559623709,10.22648136,,6.174456958,0.575407199,3.552826984,T26C12.2,WBGene00020832,Public name for WBGene00020832. History: N.A.
T27A3.4,chrI:6098978-6099728,0.265497735,0.402911795,0.334204765,6.59e-06,8.958271385,57.61362102,2.378400763,23.21320747,,,,,,,
T27C10.8,chrI:10883594-10884183,2.661918446,2.054234514,2.35807648,0.005904108,6.832579928,3.568476004,18.18777054,7.330486571,,3.201204941,11.37586542,36.41647659,T27C10.8,WBGene00077519,Public name for WBGene00077519. History: N.A.
T27F7.3,chrII:4990816-4993568,1.588678118,1.778283537,1.683480827,0.021106137,13.20965453,11.39610086,20.98588909,20.26549855,,1.990227845,9.669485606,19.2444795,T27F7.3,WBGene00020868,"Sequence name for WBGene00020868(eif-1). History: Split into pigb-1(WBGene00194986). History of WBGene00020868: Split into ""WBGene00194986"" on 2010-02-19"
T28B11.1,chrV:10713105-10732397,2.326188821,1.519580437,1.922884629,2.15e-07,39.94987255,35.89702686,92.93094691,54.54841976,,1.027119275,62.46211268,64.15603987,T28B11.1,WBGene00012117,Public name for WBGene00012117. History: N.A.
tag-164,chrIII:13459461-13460488,0.0,0.300231107,0.150115553,0.000208714,3.871795292,21.70324098,0.0,6.515988063,,,,,,,
tag-64,chrIV:15361554-15368186,2.859593246,1.591752043,2.225672644,4.96e-05,16.63453896,4.434727819,47.56801527,7.058987068,,0.73346159,12.51345196,9.178136376,tag-64,WBGene00006441,Other name for WBGene00006441(cpna-4). History: Renamed on 2009-04-21
tag-93,chrV:10532867-10536206,1.507055366,2.073677489,1.790366428,0.002578775,17.08144982,16.13670104,25.74269061,33.4623137,,1.594095957,9.100692335,14.50737685,tag-93,WBGene00006460,Other name for WBGene00006460(ppm-1.A). History: Renamed on 2011-06-10; Renamed on 2018-05-24
tbc-10,chrIII:977372-988421,0.588249874,0.27198864,0.430119257,0.01576069,11.49880225,8.56811057,6.764168973,2.330428741,,0.885548117,5.773131116,5.112385392,tbc-10,WBGene00019915,Public name for WBGene00019915. History: N.A.
tbc-11,chrX:0924985-0932236,0.484008426,0.372277449,0.428142937,7.31e-08,82.88290826,40.64327925,40.11602594,15.13057633,,0.336666335,38.69419342,13.02703228,tbc-11,WBGene00018075,Public name for WBGene00018075. History: N.A.
tbp-1,chrIII:7383955-7386057,1.870788838,1.619848515,1.745318677,0.018527922,10.02111723,12.33780803,18.74739425,19.98538002,,0.410937733,10.80707215,4.441033731,tbp-1,WBGene00006542,Public name for WBGene00006542. History: N.A.
ten-1,chrIII:6830328-6847222,1.774612297,3.80995048,2.792281389,0.01789652,1.024886989,2.938899172,1.818777054,11.19706031,,0.0,2.275173084,0.0,ten-1,WBGene00006498,Public name for WBGene00006498. History: Renamed on 2005-07-26; Renamed on 2010-08-17
tir-1,chrIII:3869573-3901443,2.882340835,2.04046296,2.461401897,7.33e-06,13.57081946,16.01910898,39.11572711,32.68639853,,1.816106991,29.38187643,53.36063118,tir-1,WBGene00006575,Public name for WBGene00006575. History: Renamed on 2005-11-09
trap-3,chrIV:2389440-2390384,0.567035882,0.448266832,0.507651357,0.006559847,5.921569271,27.40129141,3.357742254,12.28309009,,,,,,,
tre-1,chrI:6554729-6558594,1.891619702,1.707703366,1.799661534,0.004531917,14.34841785,14.94460558,27.14174989,25.52095325,,0.746834663,13.08224523,9.770274207,tre-1,WBGene00006607,Public name for WBGene00006607. History: N.A.
trm-1,chrV:14183101-14185601,1.641859393,1.68595821,1.663908802,0.010176443,13.20965453,19.10957275,21.68839536,32.21794107,,0.944201117,12.22905533,11.5466877,trm-1,WBGene00006613,Public name for WBGene00006613. History: N.A.
trp-2,chrIII:983247-1001919,0.483004706,0.315913455,0.39945908,0.006218067,14.21957202,10.19997549,6.868120196,3.222309494,,0.206970504,10.31200359,2.134280576,trp-2,WBGene00006615,Public name for WBGene00006615. History: N.A.
tsp-14,chrX:4866657-4874627,1.717660926,2.41341245,2.065536688,0.0,104.5410993,120.2242082,179.5661615,290.1506008,,2.709720539,74.29524637,201.319355,tsp-14,WBGene00006640,Public name for WBGene00006640. History: N.A.
ubc-26,chrII:2896733-2900345,0.622064681,0.569539974,0.595802327,0.006773053,35.98492095,24.31168184,22.38494836,13.84647463,,1.283952117,8.531899064,10.95454987,ubc-26,WBGene00022450,Public name for WBGene00022450. History: N.A.
ubxn-3,chrII:217297-220640,0.508376998,0.498629125,0.503503061,0.000192142,19.81448179,54.19479077,10.07322676,27.02310108,,1.236237681,4.550346168,5.625309392,ubxn-3,WBGene00018586,Public name for WBGene00018586. History: N.A.
ucr-2.1,chrX:12018351-12021135,0.614288872,0.459460819,0.536874846,0.035388843,8.199095913,14.18181441,5.036613381,6.515988063,,1.691693668,4.550346168,7.6977918,ucr-2.1,WBGene00012158,Public name for WBGene00012158. History: N.A.
unc-41,chrV:9966375-9976090,1.651318465,3.492676372,2.571997419,0.000300153,10.37243778,7.271043343,17.12819804,25.39540129,,8.058891258,3.45338796,27.83047804,unc-41,WBGene00006777,Public name for WBGene00006777. History: Renamed on 2008-02-06
unc-44,chrIV:5966639-6004017,2.11572998,3.709066056,2.912398018,5.71e-16,18.5893082,35.67428247,39.32995666,132.3182702,,1.971738707,12.31281355,24.27765106,unc-44,WBGene00006780,Public name for WBGene00006780. History: N.A.
unc-83,chrV:6465047-6487863,0.581620217,0.490755504,0.53618786,0.002307922,14.53821166,36.91073814,8.455717815,18.11414789,,3.123126772,1.421983177,4.441033731,unc-83,WBGene00006815,Public name for WBGene00006815. History: N.A.
vha-13,chrV:14350852-14354398,1.633881742,1.60971687,1.621799306,0.002412978,22.09200843,30.75258913,36.09572923,49.50296152,,2.189778541,16.49500486,36.12040768,vha-13,WBGene00013025,Public name for WBGene00013025. History: Renamed on 2005-03-17
vit-3,chrX:3567388-3572537,1.755111082,2.285966275,2.020538679,0.019897148,2.125691457,8.446379953,3.730824634,19.30813972,,,,,,,
VY10G11R.1,chrIV:16469538-16470840,0.314227956,0.325127009,0.319677483,9.41e-12,33.874785,91.95619263,10.64440446,29.89744188,,0.520521129,2.843966355,1.480344577,VY10G11R.1,WBGene00012159,Public name for WBGene00012159. History: N.A.
W01B6.5,chrIV:10076296-10078621,0.148918514,0.289696805,0.21930766,0.001004953,7.51583792,11.48051634,1.119247418,3.325868907,,0.0,1.137586542,0.0,W01B6.5,WBGene00012172,Public name for WBGene00012172. History: N.A.
W01C9.1,chrII:8533131-8534294,151.1150626,146.3382709,148.7266667,1.06e-17,0.227752664,0.253246686,34.4168581,37.05968211,,4.27063926,25.02690392,106.8808784,W01C9.1,WBGene00012175,Public name for WBGene00012175. History: N.A.
W01C9.2,chrII:8536290-8538441,67.16225002,30.79982833,48.98103918,1.8899999999999998e-24,0.683257993,2.025973487,45.88914414,62.39963559,,2.068622761,65.98001943,136.48777,W01C9.2,WBGene00012176,Public name for WBGene00012176. History: N.A.
W02A11.3,chrI:12738075-12741130,0.266980533,0.632324784,0.449652659,0.002311335,15.08834253,19.62069193,4.028293735,12.40664978,,1.358204476,20.87942436,28.35852761,W02A11.3,WBGene00012194,Sequence name for WBGene00012194(toe-4). History: N.A.
W03F11.4,chrI:2235636-2241358,0.546034553,0.147187103,0.346610828,0.001373111,4.099547957,13.90535336,2.238494836,2.046688683,,0.0,0.568793271,0.0,W03F11.4,WBGene00021007,Public name for WBGene00021007. History: N.A.
W03F9.3,chrV:132552-132998,0.588905034,0.45344063,0.521172832,9.7e-09,55.11614475,120.7986691,32.45817512,54.77502465,,1.659583599,43.79708186,72.68491872,W03F9.3,WBGene00021001,Public name for WBGene00021001. History: N.A.
W03G9.8,chrI:4957776-4958310,1.501595021,4.407420449,2.954507735,0.014037116,4.099547957,2.279220172,6.155860799,10.0454816,,0.0,3.981552897,0.0,W03G9.8,WBGene00044431,Sequence name for WBGene00044431(mzt-1). History: N.A.
W03H9.1,chrII:14147244-14150034,1.840748379,2.01838312,1.929565749,6.25e-10,66.04827263,55.58764754,121.5782508,112.1971695,,6.334392904,89.0161469,563.8632493,W03H9.1,WBGene00012227,Public name for WBGene00012227. History: N.A.
W05F2.7,chrI:3352463-3363363,1.702262803,1.802522471,1.752392637,0.003364071,20.04644628,15.3559096,34.12431985,27.67937212,,1.953995989,19.83728019,38.76196592,W05F2.7,WBGene00021039,"Public name for WBGene00021039. History: Split into W05F2.8(WBGene00195045). History of WBGene00021039: Split into ""WBGene00195045"" on 2010-03-10"
W05H9.4,chrX:6263606-6266868,0.307144436,0.262549041,0.284846738,5.06e-05,20.04223445,16.54545006,6.155860799,4.343992042,,1.041042257,6.825519251,7.105653969,W05H9.4,WBGene00021051,Public name for WBGene00021051. History: N.A.
W06D11.1,chrX:12293689-12295234,0.307144436,0.383690087,0.345417262,0.001182067,15.48718117,12.02921758,4.756801527,4.615491544,,1.79290611,5.119139439,9.178136376,W06D11.1,WBGene00012299,Public name for WBGene00012299. History: N.A.
W08E3.2,chrI:13333367-13336131,1.53572218,2.770690527,2.153206354,0.004704579,6.377074599,7.608739948,9.793414908,21.0814637,,0.991468816,11.94465869,11.84275661,W08E3.2,WBGene00012343,Sequence name for WBGene00012343(casc-3). History: N.A.
W09C5.9,chrI:13659417-13661752,1.698440297,1.636613617,1.667526957,0.03530076,9.982821755,10.82629582,16.95522675,17.71846316,,1.285849306,14.88960633,19.14578996,W09C5.9,WBGene00012355,Public name for WBGene00012355. History: N.A.
W09D6.5,chrIII:11088368-11091478,0.667136038,0.401685494,0.534410766,0.009436744,10.09703471,20.27702072,6.736095729,8.144985078,,3.80989181,4.595852473,17.5097007,W09D6.5,WBGene00012358,Public name for WBGene00012358. History: N.A.
wht-4,chrII:3279482-3281671,0.0,0.178679207,0.089339604,0.002024066,1.366515986,12.15584092,0.0,2.171996021,,,,,,,
Y105C5A.9,chrIV:15633160-15634888,1.800009295,6.864011893,4.332010594,3.51e-06,1.399052048,4.676071658,2.518306691,32.09661147,,65.88310286,7.963105793,524.634118,Y105C5A.9,WBGene00013634,"Public name for WBGene00013634. History: Split into Y105C5A.1274(WBGene00194951). History of WBGene00013634: Split into ""WBGene00194951"" on 2010-01-29"
Y106G6D.6,chrI:10118069-10122091,1.626567718,1.639219834,1.632893776,0.019634748,16.17043916,12.53571095,26.30231432,20.54878602,,1.412843064,11.94465869,16.87592818,Y106G6D.6,WBGene00013702,Public name for WBGene00013702. History: N.A.
Y113G7C.1,chrV:20313224-20319399,0.464689525,0.162976213,0.313832869,0.003203158,1.877284815,12.5921257,0.872354589,2.052216956,,4.896325526,0.173844269,0.851198132,Y113G7C.1,WBGene00013771,Public name for WBGene00013771. History: N.A.
Y116A8A.4,chrIV:16822827-16824452,0.25784965,0.632459026,0.445154338,0.005784636,9.223982902,27.68830423,2.378400763,17.51171792,,0.347014086,2.559569719,0.888206746,Y116A8A.4,WBGene00013775,Public name for WBGene00013775. History: N.A.
Y116A8A.6,chrIV:16826282-16827976,0.344601075,0.413474796,0.379037935,0.003029813,9.337859234,18.06493017,3.217836327,7.469393318,,0.988990144,5.687932709,5.625309392,Y116A8A.6,WBGene00013776,Public name for WBGene00013776. History: N.A.
Y116A8C.11,chrIV:16988784-16989728,0.402079989,0.283166359,0.342623174,2.66e-05,6.263198267,36.5941461,2.518306691,10.36223111,,0.0,0.284396635,0.0,Y116A8C.11,WBGene00013791,Sequence name for WBGene00013791(nccd-1). History: N.A.
Y116A8C.25,chrIV:17075335-17078702,2.002394545,1.50128291,1.751838727,0.000131865,34.15979856,17.6758878,68.4013943,26.53650827,,1.801134378,15.79304172,28.44539038,Y116A8C.25,WBGene00013802,Public name for WBGene00013802. History: N.A.
Y17D7B.4,chrV:18776166-18780181,0.171858758,0.330194383,0.251026571,0.0,570.2785552,1681.565952,98.00736409,555.2436328,,1.109173801,11280.35552,12511.8748,Y17D7B.4,WBGene00012452,Public name for WBGene00012452. History: N.A.
Y17G7B.13,chrII:12042824-12047911,1.888704148,2.612912058,2.250808103,0.027698199,4.163487695,3.828535026,7.863596478,10.00362533,,0.00504,4.640862222,0.023373753,Y17G7B.13,WBGene00012466,Sequence name for WBGene00012466(ippk-1). History: N.A.
Y2H9A.6,chrV:13444096-13445036,2.166176549,2.680188111,2.42318233,0.000634094,17.30920248,3.545453602,37.4947885,9.502482591,,0.226313534,13.08224523,2.960689154,Y2H9A.6,WBGene00086568,Public name for WBGene00086568. History: N.A.
Y32G9A.2,chrV:1920547-1921029,2.082691724,1.51381419,1.798252957,9.1e-17,133.0075559,148.2759345,277.013736,224.4622138,,2.492636391,80.76864447,201.3268625,Y32G9A.2,WBGene00021301,Public name for WBGene00021301. History: N.A.
Y32G9A.3,chrV:1912951-1913470,0.45111839,0.547118503,0.499118447,0.000150116,29.15234102,49.00323371,13.15115716,26.81057588,,3.132766052,15.35741832,48.11119875,Y32G9A.3,WBGene00021302,Public name for WBGene00021302. History: N.A.
Y34B4A.2,chrX:5279495-5281121,0.248476398,0.253745617,0.251111007,2.14e-06,20.26998712,24.96590236,5.036613381,6.334988304,,2.460645335,6.25672598,15.3955836,Y34B4A.2,WBGene00021319,Public name for WBGene00021319. History: N.A.
Y37A1A.3,chrIV:13897820-13902840,2.226797162,5.08710214,3.656949651,2.33e-07,14.57617051,6.457790489,32.45817512,32.85143982,,0.0,9.693862379,0.0,Y37A1A.3,WBGene00012536,Public name for WBGene00012536. History: N.A.
Y37A1B.8,chrIV:14020165-14024596,2.457155489,5.908533953,4.182844721,2.52e-06,6.377074599,4.687647817,15.66946385,27.69712629,,5.465471851,1.137586542,6.217447223,Y37A1B.8,WBGene00012541,Sequence name for WBGene00012541(irld-55). History: N.A.
Y37E3.13,chrI:2085674-2093824,1.825231847,1.704140001,1.764685924,8.09e-05,40.90151451,21.35437999,74.65474687,36.39085313,,1.34144788,26.28524357,35.26028425,Y37E3.13,WBGene00021353,Sequence name for WBGene00021353(iglr-3). History: N.A.
Y37E3.8,chrI:2069680-2070611,2.764299925,2.057585433,2.410942679,0.015250421,2.733031971,6.795452652,7.554920072,13.98222438,,5.291964808,3.412759626,18.06020384,Y37E3.8,WBGene00021350,Public name for WBGene00021350. History: N.A.
Y38E10A.14,chrII:12623104-12624457,0.51999756,0.342265621,0.43113159,0.000655253,9.072147717,27.88246011,4.717494677,9.543207517,,0.0,0.189597567,0.0,Y38E10A.14,WBGene00012592,Public name for WBGene00012592. History: N.A.
Y38F1A.8,chrII:12997899-13000762,1.943240615,2.180362345,2.06180148,6.22e-06,34.84615763,17.7441512,67.71446879,38.68867912,,1.526861977,8.531899064,13.02703228,Y38F1A.8,WBGene00012610,Public name for WBGene00012610. History: N.A.
Y39A3CR.8,chrIII:1882216-1883006,0.072269279,0.253351115,0.162810197,0.000203962,3.871795292,20.36103354,0.279811855,5.15849055,,,,,,,
Y39F10C.1,chrII:674437-677029,0.094813281,0.365739955,0.230276618,0.007866202,3.655917424,10.39261087,0.346629526,3.800993037,,0.0,0.00653771,0.0,Y39F10C.1,WBGene00021457,"Public name for WBGene00021457. History: Split into Y39F10C.3(WBGene00206368). History of WBGene00021457: Split into ""WBGene00206368"" on 2010-12-09"
Y40H7A.10,chrIV:15210082-15215587,3.064350963,2.12087554,2.592613252,0.00013626,10.95743371,4.178570316,33.57742254,8.862227577,,0.710431634,17.08654986,12.13882553,Y40H7A.10,WBGene00012747,Public name for WBGene00012747. History: N.A.
Y42H9AR.4,chrIV:8107589-8112186,1.552475513,1.593048671,1.572762092,0.010003681,25.05279307,17.83809154,38.89384778,28.41694803,,1.561563386,18.77017794,29.31082262,Y42H9AR.4,WBGene00021539,Public name for WBGene00021539. History: N.A.
Y43F4B.5,chrIII:13299254-13302640,1.555503338,1.720425465,1.637964401,0.016620237,10.97299036,17.6420543,17.06852313,30.35183946,,2.549555496,4.550346168,11.60136008,Y43F4B.5,WBGene00012803,Public name for WBGene00012803. History: N.A.
Y43F8C.7,chrV:19641258-19644010,1.573122732,1.68301725,1.628069991,8.1e-05,34.78981891,53.4137904,54.72865497,89.89633063,,1.250593971,16.24054495,20.31032759,Y43F8C.7,WBGene00012829,Public name for WBGene00012829. History: N.A.
Y43F8C.9,chrV:19646054-19647303,0.600215643,0.442967837,0.52159174,4.98e-07,77.87399356,70.91597098,46.74118914,31.41349429,,1.631785834,48.86754056,79.74136041,Y43F8C.9,WBGene00012831,Public name for WBGene00012831. History: N.A.
Y45F10D.14,chrIV:13804173-13807612,2.866681403,1.713551254,2.290116329,0.015466006,3.416289964,8.952006461,9.793414908,15.3397219,,0.425881001,0.695191649,0.296068915,Y45F10D.14,WBGene00012892,Public name for WBGene00012892. History: N.A.
Y47D3A.28,chrIII:11317451-11326534,1.520240346,3.130299989,2.325270168,0.000964486,8.508471488,8.104574673,12.93492164,25.36975001,,1.604211749,7.046731486,11.30444944,Y47D3A.28,WBGene00012935,Sequence name for WBGene00012935(mcm-10). History: N.A.
Y47G7B.2,chrII:2705995-2707982,1.93062217,1.653327418,1.791974794,0.000690835,22.3197611,20.76622824,43.09102559,34.33337451,,1.222093085,39.2467357,47.96316429,Y47G7B.2,WBGene00021654,Public name for WBGene00021654. History: N.A.
Y48E1B.3,chrII:13547658-13567879,1.565965228,1.773343074,1.669654151,0.005554079,20.57801189,17.66599928,32.22445108,31.32787746,,1.163596508,16.07231239,18.70168659,Y48E1B.3,WBGene00013002,Public name for WBGene00013002. History: N.A.
Y48G10A.1,chrI:13489547-13491214,1.763423147,1.573765398,1.668594272,0.044459561,10.47662256,7.600246054,18.47471872,11.96100425,,0.0,3.412759626,0.0,Y48G10A.1,WBGene00013018,Public name for WBGene00013018. History: N.A.
Y50D7A.9,chrIII:284115-289426,1.576784254,2.779387588,2.178085921,0.006597155,7.098291445,6.513332045,11.19247418,18.10307424,,1.92420142,4.000512483,7.6977918,Y50D7A.9,WBGene00021757,Sequence name for WBGene00021757(taco-1). History: N.A.
Y51A2A.5,chrV:18298770-18300678,3.168437341,2.176637618,2.672537479,0.004810132,4.327300621,4.178570316,13.71078087,9.095233338,,0.685564413,23.32052411,15.98772143,Y51A2A.5,WBGene00013061,Public name for WBGene00013061. History: N.A.
Y53C12A.6,chrII:9717433-9717874,2.281644382,3.455944415,2.868794399,0.001853358,1.59426865,5.824673774,3.637554109,20.1297488,,0.0,0.568793271,0.0,Y53C12A.6,WBGene00013141,Public name for WBGene00013141. History: N.A.
Y53F4B.11,chrII:15010693-15013261,0.663431982,0.317195311,0.490313647,0.012210042,11.38763321,12.95319393,7.554920072,4.108692382,,4.283455121,6.825519251,29.23680539,Y53F4B.11,WBGene00013158,Public name for WBGene00013158. History: N.A.
Y53F4B.16,chrII:15051986-15055620,0.608680292,0.596254791,0.602467541,2.09e-12,139.9220555,325.9521599,85.16779757,194.3505371,,4.907354093,37.88033898,185.8922365,Y53F4B.16,WBGene00013162,Public name for WBGene00013162. History: N.A.
Y54E10A.16,chrI:3244157-3246074,1.744936506,1.568242313,1.65658941,0.019201741,15.71493383,10.21428291,27.42156174,16.01847065,,1.956441484,32.99000971,64.54302355,Y54E10A.16,WBGene00021834,Sequence name for WBGene00021834(mab-31). History: N.A.
Y54E2A.6,chrII:14758020-14778039,0.529040585,0.652774689,0.590907637,6.56e-18,266.2323496,443.7524724,140.847718,289.670382,,0.712388125,109.7205263,78.16359998,Y54E2A.6,WBGene00013189,"Public name for Dead gene WBGene00013191. History of WBGene00013191: Merged into ""WBGene00013189"" on 2008-11-27"
Y54E5A.7,chrI:14711067-14715017,2.012023065,1.513231974,1.76262752,2.93e-05,33.94106604,39.06379689,68.2902077,59.1125865,,0.244929119,18.20138467,4.458049107,Y54E5A.7,WBGene00013202,Sequence name for WBGene00013202(gid-1). History: N.A.
Y54G2A.36,chrIV:2897771-2901645,4.014242527,1.879715718,2.946979123,0.0,59.48140422,101.0032198,238.7727824,189.8573398,,1.729560485,292.5493388,505.9817764,Y54G2A.36,WBGene00021898,Public name for WBGene00021898. History: N.A.
Y55F3AM.5,chrIV:999229-1003498,0.647854057,0.249290885,0.448572471,0.016174818,10.88407093,8.970446112,7.051289513,2.236250451,,0.880404825,2.50880947,2.208767963,Y55F3AM.5,WBGene00021923,Public name for WBGene00021923. History: N.A.
Y56A3A.30,chrIII:11974010-11978946,2.489183211,3.15167986,2.820431536,5.02e-05,9.953230079,7.341504675,24.77541321,23.13807243,,1.511837421,19.4426008,29.39405144,Y56A3A.30,WBGene00013242,Public name for WBGene00013242. History: N.A.
Y57A10A.13,chrII:12176802-12184787,1.980648191,1.819563739,1.900105965,0.009140419,8.690572953,11.54738537,17.2129676,21.0112037,,0.162539117,9.251424258,1.50371833,Y57A10A.13,WBGene00013256,Public name for WBGene00013256. History: N.A.
Y57G11C.32,chrIV:14642988-14653334,4.366004199,1.539042371,2.952523285,3.81e-16,26.62364123,66.33488683,116.2389294,102.0922015,,1.589341063,41.10179864,65.32477635,Y57G11C.32,WBGene00013322,Sequence name for WBGene00013322(talp-3). History: N.A.
Y57G11C.38,chrIV:14862433-14869791,2.399158113,2.346152977,2.372655545,1.72e-13,28.94736363,64.05990019,69.44930229,150.2943256,,1.63286765,41.52190878,67.79978162,Y57G11C.38,WBGene00013327,Public name for WBGene00013327. History: N.A.
Y59A8B.21,chrV:17986243-17994229,2.834792156,2.756956327,2.795874241,0.001599246,6.024488194,3.871221275,17.07817188,10.67278798,,2.145039878,2.74343385,5.884775011,Y59A8B.21,WBGene00013353,Public name for WBGene00013353. History: N.A.
Y61A9LA.7,chrV:4558309-4559787,2.891548275,8.035599752,5.463574014,0.000204927,3.871795292,1.560064416,11.195483,12.53605323,,17.14249587,2.843966355,48.7526815,Y61A9LA.7,WBGene00022018,Public name for WBGene00022018. History: N.A.
Y66A7A.2,chrIII:11485446-11487206,1.519889993,3.11029688,2.315093437,2.32e-05,11.04600422,14.27927791,16.78871127,44.41279355,,0.172743775,3.427838904,0.592137831,Y66A7A.2,WBGene00013422,Sequence name for WBGene00013422(popl-5). History: N.A.
Y69H2.7,chrV:18690002-18696004,1.755982071,2.190042632,1.973012351,0.045013427,5.921569271,4.279718562,10.39816947,9.372766102,,0.374409894,3.412759626,1.277770968,Y69H2.7,WBGene00013482,Public name for WBGene00013482. History: N.A.
Y6B3B.3,chrI:13709765-13719515,0.622755809,0.381681941,0.502218875,0.000301731,17.27323237,36.97190481,10.75700579,14.11150838,,0.973905068,6.234394588,6.071708483,Y6B3B.3,WBGene00012388,Public name for WBGene00012388. History: N.A.
Y71F9AL.12,chrI:2871257-2875290,1.675120134,2.416373704,2.045746919,0.008032875,9.2127137,7.31577,15.43240221,17.67763425,,0.0348,8.609455164,0.299864815,Y71F9AL.12,WBGene00022117,Public name for WBGene00022117. History: N.A.
Y71F9AL.7,chrI:2887800-2889435,2.281644382,4.564965557,3.42330497,0.001023203,1.59426865,3.92532363,3.637554109,17.91896717,,0.49312528,10.80707215,5.329240477,Y71F9AL.7,WBGene00022112,"Public name for WBGene00022112. History: Split into Y71F9AL.25(WBGene00304792). History of WBGene00022112: Split into ""WBGene00304792"" on 2019-05-20"
Y71G10AR.4,chrIV:2199077-2204544,4.197640626,2.874353898,3.535997262,0.004592251,2.733031971,1.623536392,11.47228603,4.666618159,,0.130130282,2.275173084,0.296068915,Y71G10AR.4,WBGene00044650,Public name for WBGene00044650. History: N.A.
Y71H2AM.11,chrIII:2718223-2725082,1.713246405,2.279502866,1.996374636,8.96e-05,22.1127132,18.86696648,37.8845264,43.00730415,,0.359746387,13.20218667,4.749438949,Y71H2AM.11,WBGene00022176,Public name for WBGene00022176. History: N.A.
Y73B3A.2,chrX:61061-62225,2.111617998,3.024783725,2.568200862,0.013139744,3.644042628,3.545453602,7.694825999,10.72423035,,4.858197201,4.265949532,20.72482408,Y73B3A.2,WBGene00022204,Public name for WBGene00022204. History: N.A.
Y75B8A.10,chrIII:12180839-12182893,0.445320192,0.418890327,0.432105259,1.29e-10,33.30194446,133.8408735,14.83002829,56.06464729,,0.266364754,38.10914915,10.15093416,Y75B8A.10,WBGene00013547,Public name for WBGene00013547. History: N.A.
Y75D11A.1,chrIV:64399-65767,1.534415184,1.628383197,1.581399191,0.020689278,17.84062529,15.06817781,27.37492634,24.53676755,,0.193087175,16.96899906,3.276496095,Y75D11A.1,WBGene00022290,Public name for WBGene00022290. History: N.A.
Y75D11A.1,chrV:8692174-8693549,1.524726569,1.52407307,1.52439982,0.037995231,15.90472764,14.94155446,24.25036082,22.77202078,,0.292532872,18.95977551,5.546357583,Y75D11A.1,WBGene00022290,Public name for WBGene00022290. History: N.A.
Y75D11A.1,chrIII:7471847-7473162,1.619015585,1.628383197,1.623699391,0.013963686,17.916543,15.06817781,29.00716234,24.53676755,,0.37788108,17.1585972,6.483909247,Y75D11A.1,WBGene00022290,Public name for WBGene00022290. History: N.A.
Y77E11A.2,chrIV:1457073-1459513,1.584959075,2.305397579,1.945178327,2.88e-06,29.83559902,31.14934236,47.28820341,71.81161844,,2.637307052,25.59569719,67.5037127,Y77E11A.2,WBGene00022307,Sequence name for WBGene00022307(nadk-1). History: N.A.
Y80D3A.8,chrV:18940431-18946869,0.353833276,0.503478558,0.428655917,0.010371521,8.540988191,16.58154151,3.022085829,8.348450607,,0.165703159,2.403692492,0.398299439,Y80D3A.8,WBGene00013586,Public name for WBGene00013586. History: N.A.
Y82E9BR.2,chrIII:1439085-1443180,1.584175595,1.920811586,1.75249359,0.004712287,16.97646017,15.29871713,26.89369388,29.3859531,,2.004516965,9.412174337,18.86686314,Y82E9BR.2,WBGene00022335,Public name for WBGene00022335. History: N.A.
Y87G2A.2,chrI:13534732-13536962,1.689294398,3.55968424,2.624489319,0.041078769,7.288085256,1.372872063,12.3117216,4.886991047,,1.95624407,2.875566234,5.625309392,Y87G2A.2,WBGene00013594,Public name for WBGene00013594. History: N.A.
Y9D1A.2,chrII:7450448-7451316,1.503786244,2.682005007,2.092895626,1.52e-08,5.410647847,39.72174419,8.136457806,106.5339168,,0.0118,25.06585602,0.296068915,Y9D1A.2,WBGene00021187,Public name for WBGene00021187. History: N.A.
zbed-6,chrIV:9916518-9921912,2.170487266,12.03648016,7.103483712,0.001557381,1.138763321,0.928571266,2.471671288,11.17672961,,2.949619729,3.412759626,10.06634312,zbed-6,WBGene00009133,Other name for WBGene00009133(bed-3). History: Renamed on 2009-12-07
ZC15.1,chrV:20301490-20304307,2.43701487,1.953043368,2.195029119,3.17e-08,20.83936878,50.67044097,50.78585159,98.9615687,,16.74342964,6.825519251,114.2826013,ZC15.1,WBGene00013830,Public name for WBGene00013830. History: N.A.
ZC190.9,chrIV:64399-65767,1.534415184,1.628383197,1.581399191,0.020689278,17.84062529,15.06817781,27.37492634,24.53676755,,0.193087175,16.96899906,3.276496095,ZC190.9,WBGene00022544,"Public name for Dead gene WBGene00022543. History of WBGene00022543: Merged into ""WBGene00022544"" on 2017-11-14; Merged into ""WBGene00022544"" on 2017-11-14"
ZC190.9,chrV:8692174-8693549,1.524726569,1.52407307,1.52439982,0.037995231,15.90472764,14.94155446,24.25036082,22.77202078,,0.292532872,18.95977551,5.546357583,ZC190.9,WBGene00022544,"Public name for Dead gene WBGene00022543. History of WBGene00022543: Merged into ""WBGene00022544"" on 2017-11-14; Merged into ""WBGene00022544"" on 2017-11-14"
ZC190.9,chrIII:7471847-7473162,1.619015585,1.628383197,1.623699391,0.013963686,17.916543,15.06817781,29.00716234,24.53676755,,0.37788108,17.1585972,6.483909247,ZC190.9,WBGene00022544,"Public name for Dead gene WBGene00022543. History of WBGene00022543: Merged into ""WBGene00022544"" on 2017-11-14; Merged into ""WBGene00022544"" on 2017-11-14"
ZC239.6,chrII:3209472-3211371,1.611378666,2.474897107,2.043137887,0.000694365,17.89212245,11.90259423,28.83098441,29.45769603,,0.311184513,7.157315136,2.227245624,ZC239.6,WBGene00022569,Public name for WBGene00022569. History: N.A.
ZC262.3,chrIII:8326498-8330866,1.7153727,1.59487737,1.655125035,0.031151724,12.07089121,10.25649078,20.70607723,16.35784503,,0.983206576,10.23827888,10.06634312,ZC262.3,WBGene00022580,Sequence name for WBGene00022580(iglr-2). History: N.A.
ZC376.7,chrV:14193662-14197669,1.556707204,2.317128419,1.936917811,0.000205442,18.33408947,19.24674812,28.54080916,44.59718705,,0.328750187,10.80707215,3.552826984,ZC376.7,WBGene00013878,Sequence name for WBGene00013878(atfs-1). History: N.A.
ZC504.3,chrX:10416632-10419683,0.400737805,0.644992028,0.522864917,1.57e-05,53.06637077,42.92531325,21.26570094,27.68648486,,1.149484159,13.6510385,15.69165251,ZC504.3,WBGene00013917,Sequence name for WBGene00013917(cdk-11.2). History: N.A.
ZK1010.5,chrIII:12984381-12987382,0.615312183,0.238656401,0.426984292,0.014359601,1.825881494,11.3761668,1.123487127,2.714995026,,11.2573764,0.578599836,6.513516138,ZK1010.5,WBGene00014179,Public name for WBGene00014179. History: N.A.
ZK1193.2,chrX:406462-416536,2.227460165,2.775678587,2.501569376,0.026198948,1.292831394,4.238595352,2.879730429,11.76497836,,1.781339066,1.421983177,2.533034185,ZK1193.2,WBGene00022858,Public name for WBGene00022858. History: N.A.
ZK177.2,chrII:5519189-5520173,0.655589253,0.622348763,0.638969008,0.023029316,26.81787622,24.90259069,17.58151143,15.49809652,,0.467406687,4.645145236,2.171171947,ZK177.2,WBGene00022670,Public name for WBGene00022670. History: N.A.
ZK20.1,chrII:11646662-11649025,6.142888722,2.696358195,4.419623458,0.001492686,0.683257993,7.86165792,4.197177818,21.19784576,,15.61563386,1.137586542,17.76413492,ZK20.1,WBGene00013923,Sequence name for WBGene00013923(ghi-1). History: N.A.
ZK355.2,chrII:2923912-2926518,1.596775356,1.968709902,1.782742629,5.38e-10,74.47512121,81.50322497,118.9200382,160.456206,,2.14853402,53.46656747,114.8747392,ZK355.2,WBGene00022712,Public name for WBGene00022712. History: N.A.
ZK402.2,chrX:1403739-1404113,0.472096724,0.517773991,0.494935358,0.001546731,24.84401972,24.77596735,11.72878033,12.8283515,,0.420852422,94.5618813,39.79659681,ZK402.2,WBGene00022729,Public name for WBGene00022729. History: N.A.
ZK402.3,chrX:1402212-1402854,0.502535276,0.488896196,0.495715736,9.84e-22,278.4466114,241.2048059,139.9292448,117.9241121,,0.574395683,1019.41974,585.5502974,ZK402.3,WBGene00022730,Public name for WBGene00022730. History: N.A.
ZK402.5,chrX:1398819-1400747,0.546054422,0.489847275,0.517950848,3.15e-12,163.0044797,136.9467698,89.0093169,67.08300201,,0.184669604,371.6834927,68.63864345,ZK402.5,WBGene00022731,Public name for WBGene00022731. History: N.A.
ZK418.7,chrIII:7079006-7080718,2.511517336,1.662132158,2.086824747,3.14e-08,38.60407659,21.77921498,96.95480759,36.19993359,,0.274992294,30.14604336,8.28992963,ZK418.7,WBGene00022736,Public name for WBGene00022736. History: N.A.
ZK484.5,chrI:6087370-6087766,0.03963154,0.482192765,0.260912153,0.000221104,7.060332592,30.96784881,0.279811855,14.93247264,,,,,,,
ZK507.3,chrIII:9101277-9103006,0.131048293,0.175772033,0.153410163,1.72e-07,8.540724909,33.72401708,1.119247418,5.92773905,,,,,,,
ZK512.8,chrIII:9145957-9147262,0.546034553,0.394486562,0.470260557,0.047759729,2.049773978,11.69999689,1.119247418,4.615491544,,0.936938032,2.843966355,2.664620238,ZK512.8,WBGene00013987,Public name for WBGene00013987. History: N.A.
ZK673.11,chrII:10459499-10462593,2.329178638,3.217390912,2.773284775,1.29e-18,36.44042628,47.21105832,84.87626244,151.89643,,1.550523273,60.33948597,93.55777726,ZK673.11,WBGene00014065,Public name for WBGene00014065. History: N.A.
ZK673.5,chrII:10461391-10461868,2.315451017,3.212647848,2.764049433,1.19e-17,32.91025998,45.52953325,76.20209495,146.270357,,1.690899505,54.36715663,91.92939822,ZK673.5,WBGene00014061,Public name for WBGene00014061. History: N.A.
ZK836.3,chrV:12194714-12195807,2.033003648,2.432786132,2.23289489,0.000447418,19.1312238,6.584413831,38.89384778,16.01847065,,1.598743467,7.963105793,12.73096336,ZK836.3,WBGene00014099,Public name for WBGene00014099. History: N.A.
ZK849.1,chrI:14182773-14185624,0.480747813,0.119814035,0.300280924,0.001114241,5.238311278,12.40908761,2.518306691,1.486782861,,5.205211287,1.137586542,5.921378307,ZK849.1,WBGene00014100,Public name for WBGene00014100. History: N.A.
ZK863.4,chrV:12181483-12184162,1.734086295,2.140646979,1.937366637,3.56e-06,43.72851154,25.83116195,75.82901257,55.29539879,,0.553053699,27.30207701,15.09951468,ZK863.4,WBGene00014124,Sequence name for WBGene00014124(usip-1). History: N.A.
ZK896.9,chrIV:12855525-12859343,1.631042079,1.882845954,1.756944017,0.005395697,13.15934875,16.60336732,21.46345154,31.26158298,,2.500912483,4.769784336,11.92881319,ZK896.9,WBGene00014139,Sequence name for WBGene00014139(nstp-5). History: N.A.
ZK930.6,chrII:11885045-11886475,0.384516699,0.342043054,0.363279876,2.48e-13,29.83559902,132.9545101,11.47228603,45.47616669,,1.041042257,1.706379813,1.776413492,ZK930.6,WBGene00014156,Public name for WBGene00014156. History: N.A.
ztf-13,chrX:3099969-3102151,1.580151879,2.494234179,2.037193029,6.11e-08,72.42534723,27.36873123,114.4430485,68.26402485,,1.23107378,35.83397607,44.11426839,ztf-13,WBGene00018704,Public name for WBGene00018704. History: N.A.
