# P0 comparison (log2foldChange=log2(starved/fed)),,,,
gene,baseMean,log2FoldChange,pvalue,padj,Input,Suggested Match,History
B0035.13,7.363387316,-1.869241365,1.63e-06,7.82e-05,B0035.13,WBGene00007112,Public name for WBGene00007112. History: N.A.
B0207.4,395.4648734,-0.49887544,0.0030757,0.041460327,B0207.4,WBGene00000099,Sequence name for WBGene00000099(air-2). History: N.A.
B0250.7,1548.001307,0.607865718,1.49e-05,0.000546033,B0250.7,WBGene00007124,Public name for WBGene00007124. History: N.A.
B0280.8,79.52127163,-0.694858621,0.004804256,0.057955409,B0280.8,WBGene00003609,Sequence name for WBGene00003609(nhr-10). History: N.A.
B0303.2,4070.190605,-0.297590939,0.000688061,0.013529886,B0303.2,WBGene00015124,Sequence name for WBGene00015124(anmt-1). History: N.A.
B0348.4,189.1038176,-0.780446486,2.43e-08,1.69e-06,B0348.4,WBGene00001177,Sequence name for WBGene00001177(egl-8). History: N.A.
B0365.3,378.5550973,-0.457027662,0.001201351,0.021014972,B0365.3,WBGene00001137,Sequence name for WBGene00001137(eat-6). History: N.A.
B0454.9,322.2793994,0.789937947,2.48e-05,0.000849401,B0454.9,WBGene00015200,Sequence name for WBGene00015200(lido-13). History: N.A.
B0511.5,35.64720313,-0.849950471,0.00134133,0.02274847,B0511.5,WBGene00015231,Sequence name for WBGene00015231(cutl-14). History: N.A.
C01A2.6,120.0825895,0.661133692,0.000399775,0.008702668,C01A2.6,WBGene00007218,Public name for WBGene00007218. History: N.A.
C01B4.6,56.96279633,-1.134317291,2.28e-07,1.31e-05,C01B4.6,WBGene00015270,Public name for WBGene00015270. History: N.A.
C01F6.3,219.7286682,0.479631671,0.00173308,0.027812618,C01F6.3,WBGene00000374,Sequence name for WBGene00000374(cyp-31A1). History: N.A.
C01G8.2,153.6446472,-0.502900725,0.007083524,0.075182101,C01G8.2,WBGene00000540,Sequence name for WBGene00000540(cln-3.2). History: N.A.
C02B8.2,161.8133378,-0.808889224,0.001206327,0.021056902,C02B8.2,WBGene00015321,Sequence name for WBGene00015321(fbxc-38). History: N.A.
C02F5.10,139.8341475,-1.389982204,2.43e-15,4.76e-13,C02F5.10,WBGene00015351,Public name for WBGene00015351. History: N.A.
C03A7.14,38.08524244,1.542339059,3.1e-09,2.51e-07,C03A7.14,WBGene00000031,Sequence name for WBGene00000031(abu-8). History: N.A.
C03A7.8,18.33151693,1.112106141,0.000400387,0.008702668,C03A7.8,WBGene00000030,Sequence name for WBGene00000030(abu-7). History: N.A.
C04F6.1,306.8602348,-2.423146905,3.29e-39,2.87e-36,C04F6.1,WBGene00006929,Sequence name for WBGene00006929(vit-5). History: N.A.
C04G6.1,39.57831557,0.689821105,0.005102889,0.060435677,C04G6.1,WBGene00003402,Sequence name for WBGene00003402(mpk-2). History: N.A.
C05D9.1,24.49867774,0.905951713,0.001712773,0.027607503,C05D9.1,WBGene00004927,Sequence name for WBGene00004927(snx-1). History: Renamed on 2014-09-25
C05G5.1,11.83552685,0.983735274,0.004860625,0.058420184,C05G5.1,WBGene00007347,Public name for WBGene00007347. History: N.A.
C06C3.10,460.8240863,0.68253875,6.28e-06,0.000259156,C06C3.10,WBGene00044169,Public name for WBGene00044169. History: N.A.
C06E4.5,32.5749073,1.029266428,0.000703342,0.013758833,C06E4.5,WBGene00015534,Public name for WBGene00015534. History: N.A.
C06H2.4,10.24232369,1.124339395,0.002108139,0.032257835,C06H2.4,WBGene00007388,Sequence name for WBGene00007388(folt-1). History: Renamed on 2007-05-11
C07A9.9,1127.07566,-0.65602736,2.47e-06,0.000115153,C07A9.9,WBGene00007405,Public name for WBGene00007405. History: N.A.
C07D10.5,63.21016565,-0.753070219,0.000488618,0.010172219,C07D10.5,WBGene00015569,Public name for WBGene00015569. History: N.A.
C07G1.6,13.71219311,2.209926319,2.53e-09,2.14e-07,C07G1.6,WBGene00015572,Public name for WBGene00015572. History: N.A.
C07G1.7,14.59210496,2.10499052,6.42e-09,4.99e-07,C07G1.7,WBGene00015573,Public name for WBGene00015573. History: N.A.
C07G2.1,91.81173138,0.589240068,0.008353059,0.084770843,C07G2.1,WBGene00000465,Sequence name for WBGene00000465(cpg-1). History: Renamed on 2006-06-16; Renamed on 2008-01-14
C08B11.9,391.6314466,0.547212943,5.23e-05,0.001565587,C08B11.9,WBGene00007436,Public name for WBGene00007436. History: N.A.
C09G12.8,241.5905288,0.328150806,0.009359365,0.092420673,C09G12.8,WBGene00000424,Sequence name for WBGene00000424(ced-10). History: N.A.
C09G5.7,131.5534314,-1.807710529,6.880000000000001e-29,3.25e-26,C09G5.7,WBGene00007489,Public name for WBGene00007489. History: N.A.
C11D2.4,79.74314663,0.527906244,0.004353335,0.054040414,C11D2.4,WBGene00015702,Public name for WBGene00015702. History: N.A.
C11G6.1,95.07633058,-0.740658582,0.000270362,0.00626025,C11G6.1,WBGene00006384,Sequence name for WBGene00006384(taf-3). History: N.A.
C11G6.3,19.67982968,-1.270325911,6.62e-05,0.001926593,C11G6.3,WBGene00006384,"Public name for Dead gene WBGene00007524. History of WBGene00007524: Merged into ""WBGene00006384"" on 2011-01-21"
C13B7.4,88.74151894,-1.371998518,2.76e-12,3.81e-10,C13B7.4,WBGene00005148,Sequence name for WBGene00005148(srd-71). History: N.A.
C14A4.5,227.7404865,0.73157772,0.001334467,0.022665959,C14A4.5,WBGene00000798,Sequence name for WBGene00000798(crn-5). History: Renamed on 2007-06-04
C14B4.2,183.0736245,-0.746094809,3.02e-08,2.05e-06,C14B4.2,WBGene00007583,Public name for WBGene00007583. History: N.A.
C14C11.1,58.67048932,-1.59741094,4.44e-11,4.99e-09,C14C11.1,WBGene00015765,Public name for WBGene00015765. History: N.A.
C14E2.4,51.56838715,-0.966236157,0.000535415,0.010965378,C14E2.4,WBGene00015773,Public name for WBGene00015773. History: N.A.
C14F11.14,10.90522704,1.108130341,0.002933116,0.039950943,C14F11.14,WBGene00197710,Public name for WBGene00197710. History: N.A.
C15B12.7,225.9573847,-0.725827821,3.53e-05,0.001128115,C15B12.7,WBGene00000393,Sequence name for WBGene00000393(cdf-1). History: N.A.
C16C8.2,50.14865351,0.73744337,0.000726494,0.014042253,C16C8.2,WBGene00015841,Sequence name for WBGene00015841(skpo-2). History: N.A.
C16H3.3,2327.847656,-0.445444094,1.75e-08,1.25e-06,C16H3.3,WBGene00015868,Public name for WBGene00015868. History: N.A.
C17F4.5,280.2808009,0.622131565,0.000115509,0.003069234,C17F4.5,WBGene00015912,Sequence name for WBGene00015912(fbxc-50). History: N.A.
C18A11.5,420.2245746,-0.515239228,3.72e-05,0.001174813,C18A11.5,WBGene00006962,Sequence name for WBGene00006962(xol-1). History: N.A.
C18B2.5,15.5787141,-1.575137052,1.1e-05,0.000416211,C18B2.5,WBGene00015956,Public name for WBGene00015956. History: N.A.
C18D4.11,73.40533152,-1.179341412,2.49e-10,2.55e-08,C18D4.11,WBGene00195060,Sequence name for WBGene00195060(linc-14). History: N.A.
C18G1.9,152.4494594,-0.650112822,0.002305995,0.034201073,C18G1.9,WBGene00015987,Public name for WBGene00015987. History: N.A.
C25B8.3,10.74125581,-1.465753,8e-05,0.002266049,C25B8.3,WBGene00000786,Sequence name for WBGene00000786(cpr-6). History: N.A.
C25D7.14,47.41872672,-2.223161143,1.22e-10,1.3e-08,C25D7.14,WBGene00014681,Public name for WBGene00014681. History: N.A.
C25D7.2,56.09998433,-2.358427718,3.34e-15,6.42e-13,C25D7.2,WBGene00007715,Public name for WBGene00007715. History: N.A.
C25G4.8,345.5175929,-0.492818845,0.007230786,0.076387803,C25G4.8,WBGene00007735,Public name for WBGene00007735. History: N.A.
C26B9.1,21.56343841,-1.220555944,3.63e-05,0.001154386,C26B9.1,WBGene00016131,Public name for WBGene00016131. History: N.A.
C26C6.3,264.0308004,-0.644291417,5.74e-05,0.001699455,C26C6.3,WBGene00003552,Sequence name for WBGene00003552(nas-36). History: N.A.
C29F9.1,2122.189192,-0.577768145,0.002668515,0.03770482,C29F9.1,WBGene00016216,Sequence name for WBGene00016216(pals-22). History: N.A.
C29F9.10,92.41004615,-1.2517583,3.46e-05,0.001119051,C29F9.10,WBGene00016224,Sequence name for WBGene00016224(fbxa-57). History: N.A.
C30E1.4,94.01556099,-0.821696538,0.001851973,0.029306111,C30E1.4,WBGene00016253,Public name for WBGene00016253. History: N.A.
C30G12.1,205.5211923,-0.903029615,5.49e-06,0.000230018,C30G12.1,WBGene00016273,Public name for WBGene00016273. History: N.A.
C31E10.8,181.7964201,1.01237621,3.79e-12,5e-10,C31E10.8,WBGene00007849,Sequence name for WBGene00007849(tbc-19). History: N.A.
C33D12.6,61.44030729,1.023790984,9.64e-05,0.002655263,C33D12.6,WBGene00016344,Sequence name for WBGene00016344(rsef-1). History: Renamed on 2014-03-03
C34D10.1,57.72736189,-0.573827977,0.008422866,0.085174539,C34D10.1,WBGene00016406,Public name for WBGene00016406. History: N.A.
C34F6.7,881.3861616,-0.655120063,4.45e-05,0.001363787,C34F6.7,WBGene00007941,Public name for WBGene00007941. History: N.A.
C35A5.8,604.2288206,0.273789141,0.004167445,0.052132118,C35A5.8,WBGene00007952,Public name for WBGene00007952. History: N.A.
C35B8.2,36.75136467,-1.128816815,2.13e-05,0.000741972,C35B8.2,WBGene00006887,Sequence name for WBGene00006887(vav-1). History: N.A.
C35D10.10,83.3268257,-0.583359291,0.001112334,0.019812473,C35D10.10,WBGene00016446,Public name for WBGene00016446. History: N.A.
C36B1.9,139.6608937,-0.588802516,0.000140038,0.003561785,C36B1.9,WBGene00007976,Public name for WBGene00007976. History: N.A.
C36C9.3,147.6012737,0.919161823,1.06e-08,7.96e-07,C36C9.3,WBGene00016486,Sequence name for WBGene00016486(fbxa-170). History: N.A.
C36C9.7,53.71308919,0.892186301,0.007715745,0.079874853,C36C9.7,WBGene00198318,Public name for WBGene00198318. History: N.A.
C36F7.5,151.9350368,-0.956555864,4.87e-08,3.22e-06,C36F7.5,WBGene00007986,Public name for WBGene00007986. History: N.A.
C37A5.1,164.6531113,0.830699029,3.25e-06,0.000144242,C37A5.1,WBGene00007988,Sequence name for WBGene00007988(best-8). History: N.A.
C38C3.3,207.1428968,0.620346986,0.002593875,0.036972496,C38C3.3,WBGene00016512,"Public name for WBGene00016512. History: Split into C38C3.10(WBGene00045390). History of WBGene00016512: Split into ""WBGene00045390"" on 2007-04-20"
C39B5.2,34.55105822,-0.98364961,7e-05,0.002026458,C39B5.2,WBGene00016520,Public name for WBGene00016520. History: N.A.
C40A11.10,556.3150946,-0.851801287,7.03e-06,0.000284807,C40A11.10,WBGene00016553,Sequence name for WBGene00016553(mir-8199). History: N.A.
C41D11.3,268.8036937,-0.497482339,0.000279779,0.006465122,C41D11.3,WBGene00016562,Public name for WBGene00016562. History: N.A.
C42D8.2,104.5099429,-2.195770782,5.65e-29,2.79e-26,C42D8.2,WBGene00006926,Sequence name for WBGene00006926(vit-2). History: N.A.
C44B7.11,65.89050651,-1.140108473,1.04e-07,6.44e-06,C44B7.11,WBGene00016631,Public name for WBGene00016631. History: N.A.
C46E1.3,92.17172992,0.7040413,0.000183003,0.004446145,C46E1.3,WBGene00001362,Sequence name for WBGene00001362(exc-1). History: N.A.
C46F11.6,197.7502245,-0.860007755,2.93e-06,0.000132271,C46F11.6,WBGene00008121,Public name for WBGene00008121. History: N.A.
C46F9.3,30.61786451,-1.624417832,7.68e-06,0.000307869,C46F9.3,WBGene00016719,Sequence name for WBGene00016719(math-24). History: N.A.
C46G7.3,1040.714678,1.096815029,1.13e-33,7.570000000000001e-31,C46G7.3,,Sequence name for Suppressed gene WBGene00016723. Molecular name for Suppressed gene WBGene00016723. Public name for Suppressed gene WBGene00016723. History of WBGene00016723: Killed on 2012-07-23; Suppressed on 2013-07-30. Remark: This gene was determined to be of Transposon in origin so has been removed from the C. elegans protein set. Detailed information about the origin of this gene can be found in the corresponding Transposon object associated with this gene.
C47F8.8,63.21625448,0.766600545,0.000732973,0.01409544,C47F8.8,WBGene00003671,Sequence name for WBGene00003671(nhr-81). History: N.A.
C49A9.9,106.0916133,-0.579346151,0.006857677,0.073611359,C49A9.9,WBGene00016763,Public name for WBGene00016763. History: N.A.
C50C3.1,218.1862075,-0.556524298,0.000448135,0.009489076,C50C3.1,WBGene00016799,Public name for WBGene00016799. History: N.A.
C52E4.1,12.3945532,-1.686692653,7.3e-06,0.000293686,C52E4.1,WBGene00000781,Sequence name for WBGene00000781(cpr-1). History: N.A.
C53C7.3,403.7543456,-0.54482221,1.89e-05,0.000663095,C53C7.3,WBGene00008279,Public name for WBGene00008279. History: N.A.
C56E6.3,530.4495165,0.321658713,0.006207004,0.068578343,C56E6.3,WBGene00016971,Sequence name for WBGene00016971(toe-2). History: N.A.
D2045.2,3000.447707,0.285665416,0.001727826,0.027806966,D2045.2,WBGene00008422,Sequence name for WBGene00008422(ecps-1). History: N.A.
D2096.2,364.5682112,-0.580032528,0.002268327,0.033863733,D2096.2,WBGene00017070,Sequence name for WBGene00017070(praf-3). History: N.A.
D2096.4,79.36475483,-0.509331095,0.005311377,0.062311722,D2096.4,WBGene00005019,Sequence name for WBGene00005019(sqv-1). History: N.A.
E01G4.7,3542.089883,-1.023949038,7.23e-10,6.78e-08,E01G4.7,WBGene00045410,Public name for WBGene00045410. History: N.A.
E02H9.9,767.2679034,-0.559386805,0.001216819,0.021142458,E02H9.9,WBGene00017106,Public name for WBGene00017106. History: N.A.
E03A3.1,72.51082335,1.857060552,1.05e-16,2.29e-14,E03A3.1,WBGene00014728,Public name for WBGene00014728. History: N.A.
EEED8.10,923.5133933,-0.435096089,0.005623951,0.064323943,EEED8.10,WBGene00017138,Public name for WBGene00017138. History: N.A.
F01G4.5,47.26688407,-0.964648207,0.000351259,0.007865806,F01G4.5,WBGene00008504,Sequence name for WBGene00008504(pigq-1). History: N.A.
F07B7.14,44.6437771,1.069219153,1.74e-05,0.000625553,F07B7.14,WBGene00017192,"Public name for WBGene00017192. History: Split into F07B7.18(WBGene00271801). History of WBGene00017192: Split into ""WBGene00271801"" on 2017-09-21"
F07C3.3,157.2249551,0.470014867,0.001981101,0.030833426,F07C3.3,WBGene00017194,Public name for WBGene00017194. History: N.A.
F07G6.2,3.867663696,1.012815424,0.010272509,0.099362219,F07G6.2,WBGene00017222,Public name for WBGene00017222. History: N.A.
F07G6.6,559.977376,-1.19127064,2.57e-11,3.01e-09,F07G6.6,WBGene00017225,Sequence name for WBGene00017225(fbxa-52). History: N.A.
F07G6.7,354.0841792,-0.672179838,3.49e-05,0.001122704,F07G6.7,WBGene00017226,Sequence name for WBGene00017226(fbxa-53). History: N.A.
F08G12.2,69.15256108,0.917328273,3.04e-06,0.000137097,F08G12.2,WBGene00008586,Sequence name for WBGene00008586(snrp-40.1). History: N.A.
F08G12.4,54.14632973,0.72982822,0.003813547,0.048561739,F08G12.4,WBGene00006922,Sequence name for WBGene00006922(vhl-1). History: N.A.
F08G5.3,386.1382455,0.793456771,1.34e-08,9.9e-07,F08G5.3,WBGene00008582,Public name for WBGene00008582. History: N.A.
F09E10.6,8.505544646,1.07482099,0.005735461,0.065204949,F09E10.6,WBGene00017296,Public name for WBGene00017296. History: N.A.
F10C2.11,547.225321,-1.192317155,5.36e-10,5.19e-08,F10C2.11,WBGene00198873,Public name for WBGene00198873. History: N.A.
F11A1.11,53.73228782,0.890418723,0.008019051,0.082041621,F11A1.11,WBGene00197130,Public name for WBGene00197130. History: N.A.
F11C1.5,63.18770173,-0.984916342,8.32e-05,0.002336751,F11C1.5,WBGene00008694,Sequence name for WBGene00008694(vwa-8). History: N.A.
F11C3.3,30.91668059,1.257371729,1.07e-05,0.000410892,F11C3.3,WBGene00006789,Sequence name for WBGene00006789(unc-54). History: N.A.
F11D11.12,98.5054974,-1.776500599,2.47e-22,8.48e-20,F11D11.12,WBGene00045362,Public name for WBGene00045362. History: N.A.
F11E6.5,21.42397317,-2.309627398,7.95e-13,1.19e-10,F11E6.5,WBGene00001240,Sequence name for WBGene00001240(elo-2). History: N.A.
F11G11.13,53.79476459,-0.959655749,0.000283381,0.006521792,F11G11.13,WBGene00017388,Public name for WBGene00017388. History: N.A.
F13C5.1,252.4163793,-0.557576381,0.000131279,0.003400658,F13C5.1,WBGene00017422,Public name for WBGene00017422. History: N.A.
F13H6.4,41.56745321,-0.950930329,6.26e-05,0.001834325,F13H6.4,WBGene00017432,Public name for WBGene00017432. History: N.A.
F14F11.1,1261.006003,-0.684549575,1.54e-09,1.37e-07,F14F11.1,WBGene00008819,Sequence name for WBGene00008819(shw-1). History: N.A.
F15E11.1,15.86253751,-2.139807619,3.78e-08,2.56e-06,F15E11.1,WBGene00017490,Sequence name for WBGene00017490(pud-2.1). History: N.A.
F15E11.14,5.908692531,-1.756671336,9.05e-06,0.00035409,F15E11.14,WBGene00017500,Sequence name for WBGene00017500(pud-2.2). History: N.A.
F19B2.1,110.2995809,0.606400738,0.001329501,0.022615468,F19B2.1,WBGene00008941,"Sequence name for WBGene00008941(srz-33). History: Split into F19B2.10(WBGene00043055). History of WBGene00008941: Split into ""WBGene00043055"" on 2004-09-13"
F19B6.3,25.92629259,0.793142519,0.00395695,0.050050782,F19B6.3,WBGene00008949,Public name for WBGene00008949. History: N.A.
F19H8.1,19.57822516,-0.951181972,0.005556188,0.064065559,F19H8.1,WBGene00006603,Sequence name for WBGene00006603(tps-2). History: N.A.
F21D9.6,316.0006777,-0.527357963,0.002290498,0.03410497,F21D9.6,WBGene00009020,Public name for WBGene00009020. History: N.A.
F21F8.11,178.3423648,0.54347318,7.05e-05,0.00203158,F21F8.11,WBGene00017681,Sequence name for WBGene00017681(slc-17.5). History: N.A.
F21F8.7,109.0317274,-1.654632311,5.39e-18,1.28e-15,F21F8.7,WBGene00000219,Sequence name for WBGene00000219(asp-6). History: N.A.
F22E12.4,103.7376359,-0.848421744,6.12e-05,0.001799022,F22E12.4,WBGene00001178,Sequence name for WBGene00001178(egl-9). History: N.A.
F22F1.2,155.3377392,-2.227160812,3.51e-24,1.4200000000000002e-21,F22F1.2,WBGene00017714,Public name for WBGene00017714. History: N.A.
F23A7.5,378.7766858,-0.852881463,9.31e-06,0.000361417,F23A7.5,WBGene00009070,Public name for WBGene00009070. History: N.A.
F23C8.8,166.2221751,-0.679328857,7.83e-05,0.002235048,F23C8.8,WBGene00017737,Public name for WBGene00017737. History: N.A.
F25E2.4,58.36762138,1.257926836,2.81e-08,1.92e-06,F25E2.4,WBGene00002058,Sequence name for WBGene00002058(ifd-2). History: N.A.
F25F2.2,48.04052991,-1.066631458,2.54e-06,0.000117913,F25F2.2,WBGene00000396,Sequence name for WBGene00000396(cdh-4). History: N.A.
F25H2.6,1019.394345,-0.429072869,0.006436906,0.070022183,F25H2.6,WBGene00009120,Public name for WBGene00009120. History: N.A.
F25H5.3,339.9780544,0.469834711,0.002083118,0.032025826,F25H5.3,WBGene00009126,Sequence name for WBGene00009126(pyk-1). History: N.A.
F26F12.3,39.50442601,-1.986227508,8.53e-13,1.26e-10,F26F12.3,WBGene00017834,Public name for WBGene00017834. History: N.A.
F27B10.3,53.17774294,0.942157513,0.005583035,0.064244537,F27B10.3,WBGene00197483,Public name for WBGene00197483. History: N.A.
F28A10.6,14.58878424,-0.915930124,0.006650418,0.071862514,F28A10.6,WBGene00017874,Sequence name for WBGene00017874(acdh-9). History: N.A.
F28B4.3,108.103934,-2.065497673,1.68e-25,7.339999999999999e-23,F28B4.3,WBGene00017892,Public name for WBGene00017892. History: N.A.
F29C12.7,62.11866617,1.356999991,5.39e-09,4.25e-07,F29C12.7,WBGene00009249,Public name for WBGene00009249. History: Killed on 2004-08-20; Resurrected on 2005-01-27
F29G9.1,12715.79907,-1.015788393,2.32e-12,3.25e-10,F29G9.1,WBGene00017930,Public name for WBGene00017930. History: N.A.
F31A9.4,251.2838083,-0.558605001,0.007892298,0.081184055,F31A9.4,WBGene00017942,Sequence name for WBGene00017942(fbxc-37). History: N.A.
F31B12.6,54.05868396,0.898519958,0.007576085,0.079031235,F31B12.6,WBGene00200252,Public name for WBGene00200252. History: N.A.
F31E9.11,556.3908565,-1.756649912,2.32e-15,4.62e-13,F31E9.11,WBGene00195233,Public name for WBGene00195233. History: N.A.
F35E8.8,9.473723901,1.033489466,0.005630386,0.064332686,F35E8.8,WBGene00001786,Sequence name for WBGene00001786(gst-38). History: N.A.
F36H5.5,13.15521517,1.00495017,0.003509979,0.045774967,F36H5.5,WBGene00018104,"Sequence name for WBGene00018104(fbxb-53). History: Split into F36H5.18(WBGene00305113). History of WBGene00018104: Split into ""WBGene00305113"" on 2019-10-21"
F39B2.8,365.1867725,-0.51972985,2.99e-07,1.68e-05,F39B2.8,WBGene00009558,Public name for WBGene00009558. History: N.A.
F39E9.10,5472.672812,-0.644488577,0.005332084,0.062311722,F39E9.10,WBGene00023036,Public name for WBGene00023036. History: N.A.
F39E9.6,5679.554592,-1.033071193,5.36e-07,2.89e-05,F39E9.6,WBGene00018198,Public name for WBGene00018198. History: N.A.
F39E9.7,9802.601978,-0.758123576,6.33e-07,3.39e-05,F39E9.7,WBGene00018199,Public name for WBGene00018199. History: N.A.
F39F10.4,808.1039142,-1.634316693,3.92e-13,5.93e-11,F39F10.4,WBGene00018204,Public name for WBGene00018204. History: N.A.
F39G3.5,28.31144699,-0.761443669,0.005781906,0.065504415,F39G3.5,WBGene00018210,Public name for WBGene00018210. History: N.A.
F40D4.14,9.407780506,1.19859154,0.00119966,0.021014972,F40D4.14,WBGene00014753,Public name for WBGene00014753. History: N.A.
F40D4.16,547.0379521,-1.659519076,1.43e-14,2.5e-12,F40D4.16,WBGene00194681,Public name for WBGene00194681. History: N.A.
F40E3.3,44.93840375,-1.446675835,2.16e-08,1.53e-06,F40E3.3,WBGene00018231,Public name for WBGene00018231. History: N.A.
F40G12.7,568.3170278,0.352189427,0.005953476,0.066574495,F40G12.7,WBGene00009602,Public name for WBGene00009602. History: N.A.
F40H3.6,1773.917823,-0.659954823,0.000134678,0.003457139,F40H3.6,WBGene00018252,Public name for WBGene00018252. History: N.A.
F40H6.6,33.16597616,0.719133062,0.004719507,0.057392844,F40H6.6,WBGene00044412,Public name for WBGene00044412. History: N.A.
F41F3.4,1099.648122,-0.629406088,0.007642818,0.079337064,F41F3.4,WBGene00000712,Sequence name for WBGene00000712(col-139). History: N.A.
F42A10.6,5.279114382,-1.577031439,6.87e-05,0.00199307,F42A10.6,WBGene00018342,Public name for WBGene00018342. History: N.A.
F42A10.8,46.7914395,0.878452809,0.000519584,0.010750405,F42A10.8,WBGene00003546,Sequence name for WBGene00003546(nas-28). History: N.A.
F42E8.1,59.69317844,0.672485451,0.007057156,0.074972368,F42E8.1,WBGene00009630,Public name for WBGene00009630. History: N.A.
F42G4.7,1042.39256,-0.501565342,0.003754835,0.047975635,F42G4.7,WBGene00009644,Public name for WBGene00009644. History: N.A.
F42H11.1,30.69691095,-0.7632662,0.00431119,0.053575857,F42H11.1,WBGene00009646,Public name for WBGene00009646. History: N.A.
F43C11.9,52.1552446,-0.746880815,0.003681983,0.047364829,F43C11.9,WBGene00018386,Sequence name for WBGene00018386(enri-1). History: Renamed on 2020-01-28
F44C4.3,7.087138324,-1.847592439,2.08e-06,9.82e-05,F44C4.3,WBGene00000784,Sequence name for WBGene00000784(cpr-4). History: N.A.
F44E5.1,127.534293,-0.616785067,0.010176847,0.098773746,F44E5.1,WBGene00009688,Public name for WBGene00009688. History: N.A.
F44E7.5,231.7139968,0.516610968,0.002054775,0.031675917,F44E7.5,WBGene00018427,Public name for WBGene00018427. History: N.A.
F44F4.10,42.32936906,1.434495432,2.23e-06,0.000104558,F44F4.10,WBGene00009705,Public name for WBGene00009705. History: N.A.
F45B8.5,23.59304574,1.080164253,0.000230999,0.005448898,F45B8.5,WBGene00194794,"Public name for WBGene00194794. History: Split into F20D1.22(WBGene00304908). History of WBGene00194794: Split into ""WBGene00304908"" on 2019-07-25"
F46C3.7,6863.368005,-0.801267546,3.13e-05,0.001019264,F46C3.7,WBGene00164974,Public name for WBGene00164974. History: N.A.
F46H6.2,173.3525337,-0.973224802,3.04e-10,3.05e-08,F46H6.2,WBGene00000959,Sequence name for WBGene00000959(dgk-2). History: N.A.
F47G3.3,50.65170999,-0.893183484,3.68e-05,0.001165813,F47G3.3,WBGene00018578,Public name for WBGene00018578. History: N.A.
F48B9.8,287.7951025,-0.846421041,3.9e-11,4.47e-09,F48B9.8,WBGene00018593,Public name for WBGene00018593. History: N.A.
F48E3.6,695.4093912,-0.467460413,0.000139626,0.003561785,F48E3.6,WBGene00018606,Public name for WBGene00018606. History: N.A.
F49H12.1,39.71113271,1.063151926,2.44e-05,0.000840201,F49H12.1,WBGene00003087,Sequence name for WBGene00003087(lsy-2). History: N.A.
F52A8.5,205.7449945,-0.516065409,0.00456195,0.056138702,F52A8.5,WBGene00009918,Sequence name for WBGene00009918(gcsh-2). History: N.A.
F52C12.3,28.20922444,0.990298232,0.00053385,0.010953105,F52C12.3,WBGene00018680,Sequence name for WBGene00018680(tsen-54). History: N.A.
F52C6.14,31.6784477,1.184098033,9.63e-06,0.000371656,F52C6.14,WBGene00018671,Public name for WBGene00018671. History: N.A.
F52D2.4,155.5089587,-0.661930191,0.000705387,0.013775069,F52D2.4,WBGene00001569,Sequence name for WBGene00001569(meg-3). History: Renamed on 2014-08-15
F52D2.6,888.4305321,-1.586064726,1.58e-50,3e-47,F52D2.6,WBGene00018688,"Public name for WBGene00018688. History: Split into F52D2.12(WBGene00219451). History of WBGene00018688: Split into ""WBGene00219451"" on 2012-04-20"
F52D2.8,148.182148,-1.228131621,8.59e-07,4.47e-05,F52D2.8,WBGene00018690,Sequence name for WBGene00018690(fbxa-46). History: N.A.
F52E1.9,54.84886878,-0.805007179,0.000537772,0.010988935,F52E1.9,WBGene00018697,Public name for WBGene00018697. History: N.A.
F52E4.8,440.0556703,-0.99623228,1.01e-09,9.19e-08,F52E4.8,WBGene00018704,Sequence name for WBGene00018704(ztf-13). History: N.A.
F53B3.3,1690.200634,-0.698697168,0.003473976,0.045505367,F53B3.3,WBGene00018742,Public name for WBGene00018742. History: N.A.
F53B6.2,43.54013345,1.273214424,3.39e-07,1.9e-05,F53B6.2,WBGene00009958,Sequence name for WBGene00009958(madd-4). History: N.A.
F53H4.1,440.2839481,0.730975358,9.21e-08,5.8e-06,F53H4.1,WBGene00000803,Sequence name for WBGene00000803(csb-1). History: N.A.
F54B8.4,18.00073484,1.69185409,1.1e-06,5.5e-05,F54B8.4,WBGene00010019,Public name for WBGene00010019. History: N.A.
F54D1.5,93.7381208,-1.224369606,1.09e-06,5.5e-05,F54D1.5,WBGene00001796,Sequence name for WBGene00001796(gtl-2). History: N.A.
F54D10.2,460.0650596,-1.39549375,1.83e-16,3.91e-14,F54D10.2,WBGene00018803,Sequence name for WBGene00018803(fbxa-24). History: N.A.
F54F7.7,758.7638965,-1.326712609,8.270000000000001e-51,1.8800000000000001e-47,F54F7.7,WBGene00010067,Sequence name for WBGene00010067(dot-1.2). History: N.A.
F55A12.7,7.991348542,-1.244476414,0.001305051,0.022333496,F55A12.7,WBGene00000150,Sequence name for WBGene00000150(apm-1). History: Renamed on 2015-03-05
F55A3.5,3193.09634,-0.405025593,0.000364337,0.008042352,F55A3.5,WBGene00018850,Sequence name for WBGene00018850(gpx-8). History: N.A.
F55C9.3,10326.84233,-0.577421714,0.008959281,0.089246713,F55C9.3,WBGene00010100,Public name for WBGene00010100. History: N.A.
F55D10.3,1558.643534,-0.387629609,0.009499553,0.093317689,F55D10.3,WBGene00018878,Sequence name for WBGene00018878(glit-1). History: Renamed on 2019-05-20
F55F3.3,57.2190032,-1.068726903,0.002378115,0.034905682,F55F3.3,WBGene00010117,Sequence name for WBGene00010117(nkb-3). History: N.A.
F56A4.12,147.7327045,-0.620916127,6.86e-06,0.000278789,F56A4.12,WBGene00018920,Public name for WBGene00018920. History: N.A.
F56A8.1,28.33105302,0.847555077,0.002685539,0.037898171,F56A8.1,WBGene00010138,Sequence name for WBGene00010138(anoh-1). History: Split into F56A8.9(WBGene00185001). History of WBGene00010138: N.A.
F56B3.3,202.1149351,-1.167211778,3.16e-17,7.03e-15,F56B3.3,WBGene00018929,Public name for WBGene00018929. History: N.A.
F56B3.9,40.6605438,-0.732775045,0.001322309,0.022526907,F56B3.9,WBGene00018933,Public name for WBGene00018933. History: N.A.
F57C2.5,1492.267243,-0.355851137,0.000852649,0.015937656,F57C2.5,WBGene00010197,Public name for WBGene00010197. History: N.A.
F57C9.1,65.55575889,0.607414281,0.005451277,0.063176898,F57C9.1,WBGene00019008,Sequence name for WBGene00019008(pdxk-1). History: N.A.
F57F4.3,302.3318941,-2.005226029,1.53e-41,1.73e-38,F57F4.3,WBGene00001581,Sequence name for WBGene00001581(gfi-1). History: N.A.
F57F4.4,299.0970539,-1.985352673,4.32e-41,4.46e-38,F57F4.4,WBGene00019017,Public name for WBGene00019017. History: N.A.
F57F5.1,98.04141518,-1.568885941,1.73e-19,4.78e-17,F57F5.1,WBGene00010204,Sequence name for WBGene00010204(cpr-9). History: N.A.
F57G4.13,11.4625956,1.647881099,2.57e-05,0.000878356,F57G4.13,WBGene00199551,Public name for WBGene00199551. History: N.A.
F58A4.7,276.0750374,-0.8705493,2.33e-05,0.000806163,F58A4.7,WBGene00001955,Sequence name for WBGene00001955(hlh-11). History: N.A.
F58D12.1,75.33799027,-1.088635427,6.48e-08,4.2e-06,F58D12.1,WBGene00010249,Public name for WBGene00010249. History: N.A.
F58D12.2,88.99729274,-0.72686264,0.000109003,0.002930056,F58D12.2,WBGene00014778,Public name for WBGene00014778. History: N.A.
F58E1.13,1021.427978,0.242989031,0.001068723,0.019216691,F58E1.13,WBGene00019044,Public name for WBGene00019044. History: N.A.
F58H12.1,45.50905684,-0.74040997,0.005533472,0.063868535,F58H12.1,WBGene00002210,Sequence name for WBGene00002210(kin-29). History: N.A.
F59A3.9,372.9909446,-0.40149522,0.00983317,0.096013039,F59A3.9,WBGene00019082,Sequence name for WBGene00019082(pup-3). History: N.A.
F59D8.1,695.0105859,-2.307047477,5.2900000000000004e-33,3.33e-30,F59D8.1,WBGene00006927,Sequence name for WBGene00006927(vit-3). History: N.A.
F59D8.2,665.0084466,-2.290656056,6.24e-31,3.37e-28,F59D8.2,WBGene00006928,Sequence name for WBGene00006928(vit-4). History: N.A.
F59E10.1,72.19839169,-0.721465969,0.000755204,0.014400909,F59E10.1,WBGene00003882,Sequence name for WBGene00003882(orc-2). History: N.A.
H03A11.2,2691.795711,-1.734737426,8.93e-23,3.27e-20,H03A11.2,WBGene00010357,Public name for WBGene00010357. History: N.A.
H06I04.4,61.47949496,-0.759475136,0.006011932,0.067005934,H06I04.4,WBGene00006725,Sequence name for WBGene00006725(ubl-1). History: N.A.
H06O01.4,313.4809613,0.326967665,0.006003516,0.067005934,H06O01.4,WBGene00010371,Public name for WBGene00010371. History: N.A.
H15N14.4,687.7214451,-0.696916871,0.002216299,0.033350298,H15N14.4,WBGene00077552,Public name for WBGene00077552. History: N.A.
H37A05.4,6335.18061,-0.719031674,0.001259611,0.02167113,H37A05.4,WBGene00044200,Public name for WBGene00044200. History: N.A.
H40L08.3,89.99739629,0.592600992,0.001182864,0.020807407,H40L08.3,WBGene00010434,"Public name for WBGene00010434. History: Split into H40L08.9(WBGene00304794). History of WBGene00010434: Split into ""WBGene00304794"" on 2019-05-20"
K01A2.4,88.09703983,-0.746608379,0.005178037,0.060943995,K01A2.4,WBGene00019279,Public name for WBGene00019279. History: N.A.
K01A2.8,3763.581497,-1.621063127,7.01e-10,6.63e-08,K01A2.8,WBGene00019282,Sequence name for WBGene00019282(mps-2). History: N.A.
K01F9.7,11974.92759,-1.637842359,1.34e-14,2.37e-12,K01F9.7,WBGene00199557,Public name for WBGene00199557. History: N.A.
K02B9.1,72.41849515,0.629812257,0.002811294,0.039041541,K02B9.1,WBGene00010492,Sequence name for WBGene00010492(meg-1). History: N.A.
K02E2.6,2054.53256,-0.878032848,4.1e-05,0.001271344,K02E2.6,WBGene00010507,Public name for WBGene00010507. History: N.A.
K02F2.2,68.87977131,-0.721556093,0.002574451,0.036834457,K02F2.2,WBGene00019322,Sequence name for WBGene00019322(ahcy-1). History: Renamed on 2005-02-01; Renamed on 2015-03-05
K03D10.1,417.5445242,0.411773226,2.3e-05,0.000796463,K03D10.1,WBGene00002181,Sequence name for WBGene00002181(kal-1). History: N.A.
K03E6.7,362.8128693,-0.872560093,7.58e-09,5.85e-07,K03E6.7,WBGene00019365,Sequence name for WBGene00019365(rei-2). History: N.A.
K03H1.7,61.14916261,-0.75539506,0.000520905,0.010750405,K03H1.7,WBGene00010542,Public name for WBGene00010542. History: N.A.
K04F1.15,4.668578387,1.155788621,0.003572745,0.046327279,K04F1.15,WBGene00000108,Sequence name for WBGene00000108(alh-2). History: N.A.
K04G7.10,114.3025106,-0.742457242,0.003386877,0.044579478,K04G7.10,WBGene00004390,Sequence name for WBGene00004390(rnp-7). History: N.A.
K05C4.9,2192.266161,-0.290784323,0.007882275,0.081154534,K05C4.9,WBGene00010585,Public name for WBGene00010585. History: N.A.
K07D4.5,63.21034596,-0.669894196,0.005086826,0.060371478,K07D4.5,WBGene00019485,Public name for WBGene00019485. History: N.A.
K07H8.6,211.2033537,-2.602085717,1.0999999999999999e-42,1.38e-39,K07H8.6,WBGene00006930,Sequence name for WBGene00006930(vit-6). History: N.A.
K08D10.11,187.5261032,-1.10819307,2.57e-11,3.01e-09,K08D10.11,WBGene00019534,Public name for WBGene00019534. History: N.A.
K08E4.7,163.1701966,-0.909882448,2.99e-05,0.000982745,K08E4.7,WBGene00045036,Public name for WBGene00045036. History: N.A.
K08F4.8,15.51529425,1.246373103,0.000254025,0.005930389,K08F4.8,WBGene00003434,Sequence name for WBGene00003434(msp-38). History: N.A.
K08H10.2,171.6324129,-2.519328369,2.47e-37,2e-34,K08H10.2,WBGene00002263,"Public name for Dead gene WBGene00010695. History of WBGene00010695: Merged into ""WBGene00002263"" on 2011-01-21"
K09F5.2,97.28956081,-1.96133151,2.26e-18,5.57e-16,K09F5.2,WBGene00006925,Sequence name for WBGene00006925(vit-1). History: N.A.
K10B3.9,563.4470995,-0.36080665,0.006408909,0.069918729,K10B3.9,WBGene00003124,Sequence name for WBGene00003124(mai-1). History: N.A.
K10B4.6,614.2830178,-0.695357381,0.001383505,0.02322078,K10B4.6,WBGene00000857,Sequence name for WBGene00000857(cwn-1). History: N.A.
K10C8.2,110.1037466,0.673883617,0.000456355,0.009642087,K10C8.2,WBGene00010735,Sequence name for WBGene00010735(frpr-15). History: N.A.
K10F12.4,123.9964403,-0.700849469,1.96e-06,9.32e-05,K10F12.4,WBGene00019636,Sequence name for WBGene00019636(gsto-3). History: N.A.
K11D12.2,370.6460243,0.452605344,0.009590538,0.093967399,K11D12.2,WBGene00004136,"Sequence name for WBGene00004136(pqn-51). History: Split into K11D12.14(WBGene00303069). History of WBGene00004136: Split into ""WBGene00303069"" on 2018-03-02"
K11H12.11,6.274472241,-1.030687844,0.007460597,0.078088501,K11H12.11,WBGene00044723,Public name for WBGene00044723. History: N.A.
LLC1.1,150.5731244,0.815329625,2.63e-08,1.81e-06,LLC1.1,WBGene00006606,Sequence name for WBGene00006606(tra-3). History: N.A.
M01A8.2,18.35984159,-2.057091835,3.08e-09,2.51e-07,M01A8.2,WBGene00010796,Sequence name for WBGene00010796(clip-1). History: N.A.
M01D7.5,80.97010137,-1.046512134,4.03e-06,0.000174696,M01D7.5,WBGene00003750,Sequence name for WBGene00003750(nlp-12). History: N.A.
M01E11.4,257.9229125,-0.614708414,9.91e-07,5.07e-05,M01E11.4,WBGene00019713,Sequence name for WBGene00019713(pqn-52). History: N.A.
M02D8.3,626.0498503,-0.373588569,0.000674716,0.013353571,M02D8.3,WBGene00019729,Public name for WBGene00019729. History: N.A.
M02F4.2,12.61409217,1.075116276,0.001986887,0.03088112,M02F4.2,WBGene00019736,Public name for WBGene00019736. History: N.A.
M03C11.2,76.38508509,0.602567584,0.003058352,0.041309594,M03C11.2,WBGene00010839,Sequence name for WBGene00010839(chl-1). History: N.A.
M03F4.7,22.20365447,-0.95215905,0.001672557,0.027304801,M03F4.7,WBGene00019760,Sequence name for WBGene00019760(calu-1). History: N.A.
M05B5.1,140.8379565,0.55954406,0.00072545,0.014042253,M05B5.1,WBGene00010869,Public name for WBGene00010869. History: N.A.
M117.4,16.89286839,0.952026592,0.003098162,0.041599703,M117.4,WBGene00010920,Public name for WBGene00010920. History: N.A.
R01E6.1,101.4918755,0.657298404,0.000359324,0.007962675,R01E6.1,WBGene00003848,Sequence name for WBGene00003848(odr-1). History: N.A.
R01H10.6,123.0382579,-1.501756764,1.2e-15,2.42e-13,R01H10.6,WBGene00010974,Sequence name for WBGene00010974(bbs-5). History: Renamed on 2004-06-23; Renamed on 2006-05-22
R03D7.2,438.606642,-0.662286056,4.25e-05,0.001315164,R03D7.2,WBGene00010989,Public name for WBGene00010989. History: N.A.
R03D7.5,13.38054949,-1.045734232,0.001925579,0.030218013,R03D7.5,WBGene00010991,Sequence name for WBGene00010991(gskl-1). History: N.A.
R04F11.4,9.819756073,1.036020725,0.004746477,0.057535818,R04F11.4,WBGene00006668,Sequence name for WBGene00006668(twk-13). History: N.A.
R05F9.12,96.40050482,-2.150622491,2.1e-22,7.43e-20,R05F9.12,WBGene00019895,Sequence name for WBGene00019895(aagr-2). History: N.A.
R05H10.2,197.7592002,0.516598043,0.005408875,0.062825804,R05H10.2,WBGene00011043,Sequence name for WBGene00011043(rbm-28). History: N.A.
R07G3.7,210.182561,-0.510118362,0.006634924,0.071763441,R07G3.7,WBGene00019943,Public name for WBGene00019943. History: N.A.
R08C7.10,527.2829374,0.392826763,0.002797309,0.038942655,R08C7.10,WBGene00019953,Sequence name for WBGene00019953(wapl-1). History: N.A.
R11G11.2,363.3403263,0.645419039,4.1e-08,2.76e-06,R11G11.2,WBGene00003648,Sequence name for WBGene00003648(nhr-58). History: N.A.
R12H7.2,64.97173493,-1.387395932,5.01e-12,6.54e-10,R12H7.2,WBGene00000217,Sequence name for WBGene00000217(asp-4). History: N.A.
R148.2,6.26873839,1.315130534,0.000902325,0.016728396,R148.2,WBGene00020101,Sequence name for WBGene00020101(lmtr-5). History: N.A.
R186.1,113.2090636,1.735393074,6.46e-20,1.83e-17,R186.1,WBGene00011305,Sequence name for WBGene00011305(hrg-9). History: N.A.
R31.1,181.9020971,-0.823307337,2.37e-09,2.03e-07,R31.1,WBGene00004855,Sequence name for WBGene00004855(sma-1). History: N.A.
T02G5.4,1178.434858,-0.868277233,1.28e-07,7.77e-06,T02G5.4,WBGene00020164,Public name for WBGene00020164. History: N.A.
T02G6.10,1531.376338,-0.854678035,4.73e-06,0.000202501,T02G6.10,WBGene00077772,Public name for WBGene00077772. History: N.A.
T03E6.6,118.4524932,-1.189127831,4.37e-05,0.001347125,T03E6.6,WBGene00005820,Sequence name for WBGene00005820(srw-73). History: N.A.
T03G6.2,44.25207207,-0.7622172,0.002045102,0.031612707,T03G6.2,WBGene00003630,"Sequence name for WBGene00003630(nhr-40). History: Split into T03G6.7(WBGene00303074). History of WBGene00003630: Split into ""WBGene00303074"" on 2018-03-02"
T05C3.6,36.79966264,-2.153653193,3.62e-12,4.89e-10,T05C3.6,WBGene00020256,Public name for WBGene00020256. History: N.A.
T05D4.1,25.55097584,1.146721101,0.000344197,0.007748533,T05D4.1,WBGene00011474,Sequence name for WBGene00011474(aldo-1). History: N.A.
T05E11.9,1022.823843,-1.659427159,1.01e-09,9.19e-08,T05E11.9,WBGene00014505,Public name for WBGene00014505. History: N.A.
T05E12.4,78.60309606,-0.692457839,0.007498207,0.078409819,T05E12.4,WBGene00005767,Sequence name for WBGene00005767(srw-20). History: N.A.
T05G5.4,69.83384656,-3.874413362,5.9e-45,8.369999999999999e-42,T05G5.4,WBGene00011499,Public name for WBGene00011499. History: N.A.
T06C12.7,209.1779536,1.011376113,7.87e-12,9.92e-10,T06C12.7,WBGene00003674,Sequence name for WBGene00003674(nhr-84). History: N.A.
T06D10.1,1265.953621,-0.60567277,0.001240388,0.021453422,T06D10.1,WBGene00011531,"Sequence name for WBGene00011531(rsbp-1). History: Split into T06D10.8(WBGene00303078). History of WBGene00011531: Split into ""WBGene00303078"" on 2018-03-02"
T07A5.4,4.789029811,-1.412923174,0.000358057,0.007962675,T07A5.4,WBGene00011557,Public name for WBGene00011557. History: N.A.
T07C12.11,49.00861099,-0.75396277,0.001842337,0.029228486,T07C12.11,WBGene00011575,Sequence name for WBGene00011575(madf-4). History: N.A.
T07D1.4,16.52739507,-1.07883633,0.001260616,0.02167113,T07D1.4,WBGene00001484,Sequence name for WBGene00001484(fox-1). History: N.A.
T08B6.2,171.4185712,-2.204986684,1.35e-23,5.1200000000000005e-21,T08B6.2,WBGene00020352,Public name for WBGene00020352. History: N.A.
T08B6.59,4.32765292,-1.137024687,0.004155964,0.052103394,T08B6.59,WBGene00174315,Sequence name for WBGene00174315(21ur-10686). History: N.A.
T08D2.9,193.8875073,0.566663468,0.004914863,0.058884939,T08D2.9,WBGene00044700,Public name for WBGene00044700. History: N.A.
T08E11.3,7.803317844,-1.077861913,0.004736946,0.057481699,T08E11.3,WBGene00020359,Sequence name for WBGene00020359(math-40). History: N.A.
T08E11.7,44.47058947,0.900276055,0.000120733,0.003185675,T08E11.7,WBGene00020363,Sequence name for WBGene00020363(fbxa-3). History: N.A.
T08G5.13,200.8634324,-1.130897034,9.45e-15,1.73e-12,T08G5.13,WBGene00050930,Public name for WBGene00050930. History: N.A.
T08H10.1,4.232144236,-1.244086856,0.001711982,0.027607503,T08H10.1,WBGene00020369,Sequence name for WBGene00020369(exc-15). History: N.A.
T09F5.1,4.239560305,1.316965114,0.000796726,0.015016036,T09F5.1,WBGene00011665,Public name for WBGene00011665. History: N.A.
T10H9.5,35.02803024,-1.213562421,0.000111575,0.002982672,T10H9.5,WBGene00004062,Sequence name for WBGene00004062(pmp-5). History: N.A.
T11F8.5,104.1559641,-0.551133444,0.006481998,0.070445165,T11F8.5,WBGene00044499,Public name for WBGene00044499. History: N.A.
T12B5.1,17.08145043,-1.523986088,1.37e-05,0.000503329,T12B5.1,WBGene00020448,Sequence name for WBGene00020448(fbxa-51). History: N.A.
T12B5.2,16.75540092,-1.391079488,0.000107739,0.002903582,T12B5.2,WBGene00020449,Sequence name for WBGene00020449(fbxa-54). History: N.A.
T12B5.8,370.61447,-0.608304748,0.003369097,0.044500326,T12B5.8,WBGene00020455,Sequence name for WBGene00020455(fbxa-59). History: N.A.
T12G3.7,134.9257841,-0.591261308,0.002828253,0.03918115,T12G3.7,WBGene00011742,Sequence name for WBGene00011742(tgn-38). History: N.A.
T14B4.7,42.29841948,-0.6933442,0.002011864,0.031183886,T14B4.7,WBGene00001072,"Sequence name for WBGene00001072(dpy-10). History: Split into T14B4.19(WBGene00302993). History of WBGene00001072: Split into ""WBGene00302993"" on 2018-03-06"
T16G12.4,1426.090235,-0.441163037,0.005119891,0.060573814,T16G12.4,WBGene00011805,Public name for WBGene00011805. History: N.A.
T16G12.8,158.6848283,-0.474665648,0.008911205,0.088845805,T16G12.8,WBGene00011809,"Public name for WBGene00011809. History: Split into T16G12.13(WBGene00306001). History of WBGene00011809: Split into ""WBGene00306001"" on 2020-01-21"
T16H12.13,77.8825405,-0.867678199,0.00037421,0.008180716,T16H12.13,WBGene00194725,Public name for WBGene00194725. History: N.A.
T16H12.2,334.1290143,-0.498168643,0.004620688,0.056615909,T16H12.2,WBGene00011812,Public name for WBGene00011812. History: N.A.
T19C3.8,212.8269003,0.553039714,0.000932781,0.01716198,T19C3.8,WBGene00001412,Sequence name for WBGene00001412(fem-2). History: N.A.
T19C9.10,27.82423521,1.055040654,0.000109238,0.002930056,T19C9.10,WBGene00050934,Public name for WBGene00050934. History: N.A.
T20D3.3,345.0553797,-0.398371471,0.009170447,0.091030526,T20D3.3,WBGene00011857,"Sequence name for WBGene00011857(coa-4). History: Split into T20D3.14(WBGene00303026). History of WBGene00011857: Split into ""WBGene00303026"" on 2018-03-06"
T20F10.8,388.604052,-0.73569497,3.25e-05,0.001055274,T20F10.8,WBGene00077765,Public name for WBGene00077765. History: N.A.
T20H4.2,18.20773855,-0.912093265,0.003562238,0.046243882,T20H4.2,WBGene00020635,Sequence name for WBGene00020635(ztf-31). History: N.A.
T21C9.2,363.8007126,0.335732174,0.001009095,0.018289436,T21C9.2,WBGene00006934,Sequence name for WBGene00006934(vps-54). History: N.A.
T21D12.9,26.69472446,-0.864605669,0.002466053,0.035871581,T21D12.9,WBGene00020649,"Sequence name for WBGene00020649(sma-10). History: Split into best-19(WBGene00206487). History of WBGene00020649: Split into ""WBGene00206487"" on 2011-06-13"
T21E3.3,109.2588633,-0.440527906,0.006432186,0.070022183,T21E3.3,WBGene00003072,Sequence name for WBGene00003072(lrp-2). History: Renamed on 2008-05-09
T23D8.8,6.101674854,-1.095551582,0.004657869,0.056887172,T23D8.8,WBGene00000476,Sequence name for WBGene00000476(cfi-1). History: N.A.
T24D8.1,128.538696,0.538821461,0.005784895,0.065504415,T24D8.1,WBGene00020767,Sequence name for WBGene00020767(lgc-40). History: N.A.
T25G12.11,2474.061185,-1.536595879,2.27e-07,1.31e-05,T25G12.11,WBGene00020817,Public name for WBGene00020817. History: N.A.
T26C12.4,129.971161,0.731697393,1.3e-06,6.47e-05,T26C12.4,WBGene00001548,Sequence name for WBGene00001548(gcy-23). History: N.A.
T26E3.7,8515.734659,-0.317275532,0.00949281,0.093317689,T26E3.7,WBGene00012040,Public name for WBGene00012040. History: N.A.
T27F6.4,255.8086096,0.589577995,0.002541736,0.036412287,T27F6.4,WBGene00012104,Sequence name for WBGene00012104(sygl-1). History: N.A.
T28D6.4,536.8998739,1.064898751,2.23e-08,1.57e-06,T28D6.4,WBGene00012124,Public name for WBGene00012124. History: N.A.
T28F3.4,58.00148084,1.814856496,4.78e-14,7.97e-12,T28F3.4,WBGene00012130,"Sequence name for WBGene00012130(slc-17.4). History: Split into T28F3.11(WBGene00303083). History of WBGene00012130: Split into ""WBGene00303083"" on 2018-03-02"
VH15N14R.1,5942.15301,-0.757682668,2.73e-07,1.56e-05,VH15N14R.1,WBGene00012151,Public name for WBGene00012151. History: N.A.
VW02B12L.1,78.97399042,-1.478761762,7.26e-15,1.37e-12,VW02B12L.1,WBGene00006915,Sequence name for WBGene00006915(vha-6). History: N.A.
W01A11.7,169.5753879,-0.905755703,2.99e-05,0.000982745,W01A11.7,WBGene00020912,Public name for WBGene00020912. History: N.A.
W02A2.1,41.89113703,-0.75204463,0.002332773,0.034418256,W02A2.1,WBGene00001394,Sequence name for WBGene00001394(fat-2). History: N.A.
W02B3.6,80.00549863,-0.520550955,0.009242221,0.091582742,W02B3.6,,Public name for Dead gene WBGene00020926. History of WBGene00020926: Killed on 2012-12-20. Remark: lack of evidence
W02C12.3,1073.52181,1.821804433,3.9200000000000004e-32,2.3400000000000002e-29,W02C12.3,WBGene00020930,Sequence name for WBGene00020930(hlh-30). History: N.A.
W03D8.7,640.4697765,-0.642963591,3.92e-06,0.000170609,W03D8.7,WBGene00020988,Public name for WBGene00020988. History: N.A.
W03F9.2,637.8440662,0.887411338,1.14e-07,6.96e-06,W03F9.2,WBGene00021000,Public name for WBGene00021000. History: N.A.
W04A8.4,1633.083642,-1.111290899,1.57e-08,1.13e-06,W04A8.4,WBGene00012239,Public name for WBGene00012239. History: N.A.
W04B5.1,972.254692,-1.024318601,4.75e-07,2.59e-05,W04B5.1,WBGene00021018,Public name for WBGene00021018. History: N.A.
W04B5.2,1484.527282,-1.943688967,1.3500000000000001e-27,6.15e-25,W04B5.2,WBGene00021019,"Public name for WBGene00021019. History: Split into W04B5.8(WBGene00306003). History of WBGene00021019: Split into ""WBGene00306003"" on 2020-01-20"
W05B2.2,67.52128565,1.459975562,3.46e-09,2.79e-07,W05B2.2,WBGene00012271,Public name for WBGene00012271. History: N.A.
W05H12.2,4705.180789,-0.553909587,0.002858715,0.039410662,W05H12.2,WBGene00012290,Public name for WBGene00012290. History: N.A.
W06H8.8,287.6118312,1.530935448,6.88e-19,1.77e-16,W06H8.8,WBGene00006436,"Sequence name for WBGene00006436(ttn-1). History: Renamed on 2005-12-13. Public name for Dead gene WBGene00021069. History of WBGene00021069: Merged into ""WBGene00006436"" on 2004-05-28"
W07A8.2,203.468486,0.368837728,0.002734491,0.038445523,W07A8.2,WBGene00012319,Sequence name for WBGene00012319(ipla-3). History: N.A.
W09B6.1,590.164483,-1.065227339,1.93e-08,1.38e-06,W09B6.1,WBGene00004076,"Sequence name for WBGene00004076(pod-2). History: N.A.. Public name for Dead gene WBGene00021102. History of WBGene00021102: Renamed on 2005-03-17; Merged into ""WBGene00004076"" on 2005-08-19"
W09G10.1,21.63539044,0.87650106,0.00945244,0.093096692,W09G10.1,WBGene00000648,Sequence name for WBGene00000648(col-72). History: N.A.
Y102A5C.13,66.04236587,0.932849737,9.33e-06,0.000361417,Y102A5C.13,WBGene00013619,Sequence name for WBGene00013619(fbxa-112). History: N.A.
Y102A5C.17,174.1473589,0.557731539,0.00421319,0.052530603,Y102A5C.17,WBGene00013622,Sequence name for WBGene00013622(clec-238). History: N.A.
Y102A5C.38,65.82809964,1.792561611,8.5e-15,1.58e-12,Y102A5C.38,WBGene00050883,Public name for WBGene00050883. History: N.A.
Y104H12D.3,102.7921011,0.763045634,0.002506953,0.036249948,Y104H12D.3,WBGene00022427,Sequence name for WBGene00022427(spl-3). History: N.A.
Y105C5A.1268,236.8237708,-0.778206064,1.82e-05,0.000644718,Y105C5A.1268,WBGene00185102,Public name for WBGene00185102. History: N.A.
Y105C5A.1271,1250.296196,-0.90440816,0.000116502,0.003081189,Y105C5A.1271,WBGene00194667,Public name for WBGene00194667. History: N.A.
Y105C5A.14,5507.815883,-0.790169185,1.28e-05,0.000475192,Y105C5A.14,WBGene00013638,"Public name for WBGene00013638. History: Split into Y105C5A.1268(WBGene00185102). History of WBGene00013638: Split into ""WBGene00185102"" on 2009-03-13"
Y110A2AL.4,661.9773032,-0.719800267,0.000233966,0.005507417,Y110A2AL.4,WBGene00022441,Public name for WBGene00022441. History: N.A.
Y113G7B.1,65.87581204,0.788668725,9.25e-05,0.002571155,Y113G7B.1,WBGene00013754,Sequence name for WBGene00013754(fbxa-116). History: N.A.
Y116A8A.66,8.453215327,-1.006201195,0.006989414,0.07446187,Y116A8A.66,WBGene00164993,Sequence name for WBGene00164993(21ur-13666). History: N.A.
Y13C8A.1,6963.422534,-0.803442515,2.58e-05,0.000878356,Y13C8A.1,WBGene00021188,Public name for WBGene00021188. History: N.A.
Y17D7B.10,79.20420226,-1.519468924,1.49e-08,1.08e-06,Y17D7B.10,WBGene00194982,Public name for WBGene00194982. History: N.A.
Y17D7C.4,13.19073853,-1.752784518,1.67e-06,8e-05,Y17D7C.4,WBGene00050903,Public name for WBGene00050903. History: N.A.
Y17D7C.6,130.706378,-0.915171265,7.15e-07,3.77e-05,Y17D7C.6,WBGene00194680,Public name for WBGene00194680. History: N.A.
Y18H1A.14,110.9589574,1.194500704,1.72e-11,2.07e-09,Y18H1A.14,WBGene00044461,Public name for WBGene00044461. History: N.A.
Y19D10A.11,147.7569814,-0.639434363,2.86e-06,0.000129808,Y19D10A.11,WBGene00021226,Public name for WBGene00021226. History: N.A.
Y19D10A.16,56.44575113,-1.130946787,1.46e-07,8.77e-06,Y19D10A.16,WBGene00044734,Public name for WBGene00044734. History: N.A.
Y19D2B.2,80.46226189,-0.588419885,0.006498776,0.07055992,Y19D2B.2,WBGene00012490,Public name for WBGene00012490. History: N.A.
Y24F12A.4,13327.84969,-0.532395841,0.001133945,0.020134179,Y24F12A.4,WBGene00012499,Public name for WBGene00012499. History: N.A.
Y35H6.3,59.62499034,0.673622581,0.003088178,0.041564019,Y35H6.3,WBGene00021342,Public name for WBGene00021342. History: N.A.
Y37E11AL.1,139.0859947,-0.523900161,0.000731152,0.014084294,Y37E11AL.1,WBGene00021357,Public name for WBGene00021357. History: N.A.
Y37E11AR.3,58.29558584,-0.531029233,0.007935556,0.081481279,Y37E11AR.3,WBGene00021370,Sequence name for WBGene00021370(nape-2). History: N.A.
Y37E11AR.5,107.6710124,-0.537982516,0.004911106,0.058884939,Y37E11AR.5,WBGene00021372,Sequence name for WBGene00021372(ugt-45). History: N.A.
Y37E11B.2,3063.926913,-0.495367132,0.000293509,0.006727576,Y37E11B.2,WBGene00021375,Public name for WBGene00021375. History: N.A.
Y37H2A.10,151.196079,1.312376707,2e-17,4.55e-15,Y37H2A.10,WBGene00012570,Public name for WBGene00012570. History: N.A.
Y38E10A.14,94.2469675,0.811690189,2.83e-05,0.000940317,Y38E10A.14,WBGene00012592,Public name for WBGene00012592. History: N.A.
Y38H6C.4,11.06065092,1.08941113,0.002820598,0.039122862,Y38H6C.4,WBGene00012617,Public name for WBGene00012617. History: N.A.
Y39A3CL.5,634.3392205,-0.457903402,0.009274177,0.091741283,Y39A3CL.5,WBGene00000545,Sequence name for WBGene00000545(clp-4). History: N.A.
Y39A3CR.8,45.93783733,0.626197618,0.006931692,0.074075852,Y39A3CR.8,WBGene00015243,"Public name for Dead gene WBGene00021447. History of WBGene00021447: Merged into ""WBGene00015243"" on 2020-01-21"
Y39B6A.20,114.2131927,-1.396820223,5.76e-08,3.76e-06,Y39B6A.20,WBGene00000214,Sequence name for WBGene00000214(asp-1). History: N.A.
Y39E4B.6,287.1603712,-0.418761585,0.005130633,0.060574568,Y39E4B.6,WBGene00012717,Public name for WBGene00012717. History: N.A.
Y39G8C.2,189.015711,0.708951557,8.9e-07,4.61e-05,Y39G8C.2,WBGene00012731,Public name for WBGene00012731. History: N.A.
Y40H7A.6,164.3064726,0.432381511,0.00512829,0.060574568,Y40H7A.6,WBGene00005056,Sequence name for WBGene00005056(sra-30). History: N.A.
Y42A5A.5,370.2653054,-0.484663701,0.000372897,0.008168139,Y42A5A.5,WBGene00012780,Public name for WBGene00012780. History: N.A.
Y43B11AR.4,353.5938746,-0.284741395,0.010283381,0.099382659,Y43B11AR.4,WBGene00004473,Sequence name for WBGene00004473(rps-4). History: N.A.
Y43F8B.17,92.57017522,-0.875659221,0.001767409,0.028283536,Y43F8B.17,WBGene00050910,"Public name for WBGene00050910. History: Split into Y43F8B.28(WBGene00219302). History of WBGene00050910: Split into ""WBGene00219302"" on 2011-10-17"
Y43F8B.21,14.01662745,-1.091511103,0.001943398,0.030413504,Y43F8B.21,WBGene00194676,Public name for WBGene00194676. History: N.A.
Y43F8B.22,324.2134539,-0.95187375,0.000465737,0.009785647,Y43F8B.22,WBGene00194699,Public name for WBGene00194699. History: N.A.
Y44A6D.5,62.33185368,1.369277964,3.66e-10,3.61e-08,Y44A6D.5,WBGene00012855,Public name for WBGene00012855. History: N.A.
Y45G12C.9,88.58245409,-1.368564262,3.72e-12,4.97e-10,Y45G12C.9,WBGene00021572,Sequence name for WBGene00021572(srd-72). History: N.A.
Y46B2A.2,54.66365483,0.784958907,0.000340412,0.00770921,Y46B2A.2,,Sequence name for Suppressed gene WBGene00021577. Molecular name for Suppressed gene WBGene00021577. Public name for Suppressed gene WBGene00021577. History of WBGene00021577: N.A.. Remark: This gene was determined to be of Transposon in origin so has been suppressed from the protein set. Detailed information about the origin of this gene can be found in the corresponding Transposon object associated with this gene.
Y46H3C.5,841.4369073,-0.996415539,0.000169631,0.004156866,Y46H3C.5,WBGene00021605,Public name for WBGene00021605. History: N.A.
Y46H3C.7,15293.4995,-0.80997018,1.91e-13,3.02e-11,Y46H3C.7,WBGene00021607,Public name for WBGene00021607. History: N.A.
Y47D3B.11,696.4777793,-0.279405253,0.004732512,0.057481699,Y47D3B.11,WBGene00023404,Sequence name for WBGene00023404(plr-1). History: N.A.
Y48A6B.10,150.3250262,-0.529828995,0.002371582,0.034854886,Y48A6B.10,WBGene00012973,"Public name for Dead gene WBGene00012971. History of WBGene00012971: Merged into ""WBGene00012973"" on 2016-10-20; Merged into ""WBGene00012973"" on 2016-10-20"
Y48A6B.8,1429.387204,-0.382258183,0.005078836,0.060339764,Y48A6B.8,WBGene00012969,Public name for WBGene00012969. History: N.A.
Y48G1BL.5,1023.958965,-0.520167569,0.002504619,0.036249948,Y48G1BL.5,WBGene00021664,Public name for WBGene00021664. History: N.A.
Y48G1BM.9,1068.881576,-0.48299452,0.003395191,0.044624287,Y48G1BM.9,WBGene00021675,"Public name for Dead gene WBGene00021674. History of WBGene00021674: Merged into ""WBGene00021675"" on 2013-10-17"
Y48G1C.5,961.0199603,-0.472319862,0.000401719,0.008703194,Y48G1C.5,WBGene00021678,Public name for WBGene00021678. History: N.A.
Y48G1C.7,388.3731681,-0.619425002,6.97e-07,3.71e-05,Y48G1C.7,WBGene00021681,"Public name for Dead gene WBGene00021680. History of WBGene00021680: Merged into ""WBGene00021681"" on 2010-11-23"
Y49E10.26,461.7265986,-0.928237735,4.55e-05,0.001391015,Y49E10.26,WBGene00014904,Public name for WBGene00014904. History: N.A.
Y49E10.30,6864.87771,-0.809963499,1.85e-05,0.000651985,Y49E10.30,WBGene00194981,Public name for WBGene00194981. History: N.A.
Y50D7A.7,6135.822119,-0.462535005,1.14e-09,1.03e-07,Y50D7A.7,WBGene00000081,Sequence name for WBGene00000081(ads-1). History: N.A.
Y51A2A.2,201.3717812,-0.801787228,0.000134363,0.003456879,Y51A2A.2,WBGene00014905,Public name for WBGene00014905. History: N.A.
Y51H7C.15,12372.38041,-0.676330094,0.000124754,0.003276515,Y51H7C.15,WBGene00044439,Public name for WBGene00044439. History: N.A.
Y53C12A.3,363.6596037,-0.584887977,7.92e-05,0.002251837,Y53C12A.3,WBGene00013139,"Public name for WBGene00013139. History: Split into Y53C12A.10(WBGene00175030). History of WBGene00013139: Split into ""WBGene00175030"" on 2008-11-27"
Y53F4B.21,235.0278965,0.367166881,0.002448238,0.035658168,Y53F4B.21,WBGene00013167,Public name for WBGene00013167. History: N.A.
Y53F4B.25,284.4606393,-0.998983081,6.8e-06,0.000277683,Y53F4B.25,WBGene00013171,Public name for WBGene00013171. History: N.A.
Y53F4B.45,2297.993986,-1.602832186,5.51e-19,1.45e-16,Y53F4B.45,WBGene00044728,Public name for WBGene00044728. History: N.A.
Y54E10A.10,300.5754368,0.33504854,0.004161867,0.0521198,Y54E10A.10,WBGene00021830,Public name for WBGene00021830. History: N.A.
Y54E5A.5,553.7890101,0.495167877,0.001110697,0.019812473,Y54E5A.5,WBGene00013200,Public name for WBGene00013200. History: N.A.
Y54E5B.5,10.18133991,1.662379297,7.93e-06,0.0003156,Y54E5B.5,WBGene00014921,Public name for WBGene00014921. History: N.A.
Y54F10BL.1,23.49713885,-1.005115956,0.00110582,0.019758474,Y54F10BL.1,WBGene00044676,Sequence name for WBGene00044676(fbxa-42). History: N.A.
Y54G11A.8,105.772055,0.444368173,0.008495961,0.085837196,Y54G11A.8,WBGene00013217,Sequence name for WBGene00013217(ddl-3). History: N.A.
Y54G2A.37,212.0292012,-1.362262077,3.88e-19,1.05e-16,Y54G2A.37,WBGene00023484,Public name for WBGene00023484. History: N.A.
Y55F3AM.13,405.1372661,0.612137935,3.76e-06,0.000165235,Y55F3AM.13,WBGene00021930,Public name for WBGene00021930. History: N.A.
Y55F3BR.9,120.4497564,-0.781659056,9.11e-06,0.000355181,Y55F3BR.9,WBGene00023183,Public name for WBGene00023183. History: N.A.
Y56A3A.10,723.8252214,-0.641251507,0.005323962,0.062311722,Y56A3A.10,WBGene00013230,Sequence name for WBGene00013230(fbxb-22). History: N.A.
Y56A3A.7,442.97061,-0.358873997,0.000658423,0.013129126,Y56A3A.7,WBGene00013228,Public name for WBGene00013228. History: N.A.
Y57A10A.15,3739.615743,-0.842182009,0.00017519,0.004265464,Y57A10A.15,WBGene00013258,Sequence name for WBGene00013258(polg-1). History: N.A.
Y57E12B.4,8.434127976,-1.136194716,0.003109598,0.041654669,Y57E12B.4,WBGene00021964,Public name for WBGene00021964. History: N.A.
Y57G11C.11,358.5178817,0.394894203,0.005528952,0.063868535,Y57G11C.11,WBGene00000763,Sequence name for WBGene00000763(coq-3). History: N.A.
Y57G11C.16,38.41050997,-0.795752057,0.001211565,0.021083456,Y57G11C.16,WBGene00004487,Sequence name for WBGene00004487(rps-18). History: N.A.
Y58A7A.3,400.7485352,-0.454374497,0.003280793,0.043638778,Y58A7A.3,WBGene00021977,Public name for WBGene00021977. History: N.A.
Y58A7A.4,289.6254127,-0.577539195,0.001544197,0.025501345,Y58A7A.4,WBGene00021978,Public name for WBGene00021978. History: N.A.
Y59H11AR.6,10286.27686,-1.791331989,1.12e-124,1.27e-120,Y59H11AR.6,WBGene00077437,Public name for WBGene00077437. History: N.A.
Y60A3A.24,114.6256791,0.759442506,8.86e-05,0.002475493,Y60A3A.24,WBGene00023519,Public name for WBGene00023519. History: N.A.
Y61A9LA.4,361.9773858,-0.374522372,0.003489252,0.045609513,Y61A9LA.4,WBGene00022016,Public name for WBGene00022016. History: N.A.
Y66D12A.1,138.5277304,-0.652963208,0.00797173,0.081778704,Y66D12A.1,WBGene00013427,Public name for WBGene00013427. History: N.A.
Y67D8C.10,867.5984085,-0.474960184,0.001633773,0.026748616,Y67D8C.10,WBGene00003153,Sequence name for WBGene00003153(mca-3). History: Renamed on 2007-10-09
Y67D8C.5,2790.197231,0.351991856,0.007834533,0.080736246,Y67D8C.5,WBGene00022069,Sequence name for WBGene00022069(eel-1). History: N.A.
Y67H2A.8,63.63285282,-0.659039152,0.001546353,0.025501345,Y67H2A.8,WBGene00001393,Sequence name for WBGene00001393(fat-1). History: N.A.
Y68A4A.13,6.676270977,1.649959135,2.67e-05,0.000905192,Y68A4A.13,WBGene00044212,Public name for WBGene00044212. History: N.A.
Y69A2AR.41,52.83214817,0.936089077,0.005678202,0.064683618,Y69A2AR.41,WBGene00199492,Public name for WBGene00199492. History: N.A.
Y71A12B.10,14804.03909,-0.470208093,0.005319985,0.062311722,Y71A12B.10,WBGene00013507,Public name for WBGene00013507. History: N.A.
Y71A12B.2,1728.329965,-0.631578079,0.001055429,0.01905375,Y71A12B.2,WBGene00013500,Public name for WBGene00013500. History: N.A.
Y71A12B.3,613.196918,-0.961327905,7.05e-07,3.74e-05,Y71A12B.3,WBGene00013501,Public name for WBGene00013501. History: N.A.
Y71G12A.3,145.509427,-0.447112615,0.001210631,0.021083456,Y71G12A.3,WBGene00022139,"Sequence name for WBGene00022139(tub-2). History: Split into Y71G12A.5(WBGene00303094). History of WBGene00022139: Renamed on 2008-05-02; Split into ""WBGene00303094"" on 2018-03-02"
Y71G12B.11,538.7086806,-0.735556537,3.5e-07,1.95e-05,Y71G12B.11,WBGene00006771,"Sequence name for WBGene00006771(tln-1). History: Renamed on 2011-08-12. Public name for Dead gene WBGene00022151. History of WBGene00022151: Merged into ""WBGene00006771"" on 2013-01-31"
Y71H10A.2,60.6920946,-1.099660964,4.5e-07,2.47e-05,Y71H10A.2,WBGene00022200,Sequence name for WBGene00022200(fard-1). History: N.A.
Y71H2AM.12,503.5775644,1.203927527,4.29e-10,4.2e-08,Y71H2AM.12,WBGene00022177,Public name for WBGene00022177. History: N.A.
Y73B6A.3,88.07907759,0.541444535,0.002691222,0.03793118,Y73B6A.3,WBGene00022230,Public name for WBGene00022230. History: N.A.
Y73B6BL.18,311.6931175,0.327262377,0.002163682,0.032819706,Y73B6BL.18,WBGene00004881,Sequence name for WBGene00004881(smg-3). History: N.A.
Y76B12C.4,111.6386294,-2.520404079,2.0999999999999998e-40,1.99e-37,Y76B12C.4,WBGene00022298,Public name for WBGene00022298. History: N.A.
Y77E11A.2,197.5925288,1.019182213,1.7e-07,1.01e-05,Y77E11A.2,WBGene00022307,Sequence name for WBGene00022307(nadk-1). History: N.A.
Y77E11A.8,71.55086169,0.913559938,1.14e-05,0.000429437,Y77E11A.8,WBGene00022311,Public name for WBGene00022311. History: N.A.
Y77E11A.9,56.7242938,0.946157281,0.000281006,0.006480281,Y77E11A.9,WBGene00022312,Sequence name for WBGene00022312(clec-171). History: N.A.
Y7A5A.1,1063.284113,0.471025862,0.000131907,0.003409138,Y7A5A.1,WBGene00012407,Public name for WBGene00012407. History: N.A.
Y7A9A.79,417.7021757,-1.419406552,5.68e-31,3.22e-28,Y7A9A.79,WBGene00185076,Public name for WBGene00185076. History: N.A.
Y81G3A.1,88.77007014,1.232325801,1.02e-07,6.35e-06,Y81G3A.1,WBGene00013590,Public name for WBGene00013590. History: N.A.
Y82E9BR.20,49.79490534,-0.87022514,0.000538502,0.010988935,Y82E9BR.20,WBGene00022352,Public name for WBGene00022352. History: N.A.
Y82E9BR.3,56.51085884,-1.022187408,2.81e-05,0.000940109,Y82E9BR.3,WBGene00022336,Public name for WBGene00022336. History: N.A.
Y87G2A.11,296.2638303,-0.370497587,0.004806631,0.057955409,Y87G2A.11,WBGene00013599,Sequence name for WBGene00013599(eipr-1). History: N.A.
Y87G2A.17,2138.603612,-0.394810387,0.006359651,0.06964923,Y87G2A.17,WBGene00013603,Sequence name for WBGene00013603(soem-1). History: N.A.
Y87G2A.9,18.80574307,1.004278754,0.002508039,0.036249948,Y87G2A.9,WBGene00006709,Sequence name for WBGene00006709(ubc-14). History: N.A.
Y9D1A.1,803.4826943,-0.939126506,9.41e-05,0.002603022,Y9D1A.1,WBGene00021186,Public name for WBGene00021186. History: N.A.
ZC123.4,1025.361538,-0.923243926,2.84e-10,2.88e-08,ZC123.4,WBGene00022519,Sequence name for WBGene00022519(cdk-14). History: N.A.
ZC132.4,2129.275967,-0.926804596,5.38e-07,2.9e-05,ZC132.4,,Sequence name for Suppressed gene WBGene00022523. Molecular name for Suppressed gene WBGene00022523. Public name for Suppressed gene WBGene00022523. History of WBGene00022523: N.A.. Remark: This gene was determined to be of Transposon in origin so has been supressed from the protein set. Detailed information about the origin of this gene can be found in the corresponding Transposon object associated with this gene.
ZC190.10,141.0337131,-0.542054893,0.001056303,0.01905375,ZC190.10,WBGene00022544,Public name for WBGene00022544. History: N.A.
ZC204.11,45.1076749,-0.82044437,0.000984471,0.01790034,ZC204.11,WBGene00022561,Sequence name for WBGene00022561(btb-13). History: N.A.
ZC204.3,72.90660665,-0.779224173,0.000441659,0.009401611,ZC204.3,WBGene00022555,Sequence name for WBGene00022555(btb-12). History: N.A.
ZC204.9,155.8415362,-0.463000687,0.000937691,0.017187462,ZC204.9,WBGene00022559,Sequence name for WBGene00022559(fbxb-20). History: N.A.
ZC317.6,190.7029584,-1.530646407,1.03e-14,1.86e-12,ZC317.6,WBGene00022589,Public name for WBGene00022589. History: N.A.
ZC412.5,21.58943002,1.146739064,0.000407776,0.008810185,ZC412.5,WBGene00013886,Public name for WBGene00013886. History: N.A.
ZC416.8,202.4817655,0.695336117,1.18e-05,0.000445589,ZC416.8,"WBGene00000481, WBGene00006756",Sequence name for WBGene00000481(cha-1). History: N.A.. Sequence name for WBGene00006756(unc-17). History: N.A.
ZC47.13,45.30036644,-1.588966913,3.85e-11,4.45e-09,ZC47.13,WBGene00013844,Sequence name for WBGene00013844(fbxa-50). History: N.A.
ZK1010.5,13.13270662,1.059398714,0.0047942,0.057928641,ZK1010.5,WBGene00014179,Public name for WBGene00014179. History: N.A.
ZK1073.1,647.7985225,-0.523954925,0.001553292,0.025541517,ZK1073.1,WBGene00014213,Public name for WBGene00014213. History: N.A.
ZK1151.1,847.4925746,-0.619034457,1.92e-07,1.12e-05,ZK1151.1,WBGene00006876,Sequence name for WBGene00006876(vab-10). History: Renamed on 2011-07-12
ZK1236.9,27.04903141,-0.88404265,0.010308729,0.099542837,ZK1236.9,WBGene00044588,Public name for WBGene00044588. History: N.A.
ZK250.10,49.20931422,0.850333815,0.000429939,0.00916934,ZK250.10,WBGene00022693,Public name for WBGene00022693. History: N.A.
ZK355.2,76.17604586,-0.832218744,1.75e-05,0.000626094,ZK355.2,WBGene00022712,Public name for WBGene00022712. History: N.A.
ZK380.5,2301.328807,-0.963819233,1.57e-11,1.91e-09,ZK380.5,WBGene00044559,Public name for WBGene00044559. History: N.A.
ZK402.1,465.9873906,-0.67113491,5.75e-08,3.76e-06,ZK402.1,WBGene00022728,Public name for WBGene00022728. History: N.A.
ZK455.1,41.32274084,-1.389958866,1.23e-06,6.16e-05,ZK455.1,WBGene00000040,Sequence name for WBGene00000040(aco-1). History: N.A.
ZK563.5,73.73639942,1.19356737,4.73e-08,3.14e-06,ZK563.5,WBGene00022769,Sequence name for WBGene00022769(sorf-1). History: Renamed on 2016-03-01
ZK6.7,6.526204928,-1.892798431,1.72e-06,8.18e-05,ZK6.7,WBGene00022642,Sequence name for WBGene00022642(lipl-5). History: N.A.
ZK652.8,185.3212327,-0.632031729,0.000700047,0.013718027,ZK652.8,WBGene00022786,Public name for WBGene00022786. History: N.A.
ZK666.1,1305.845858,-0.391527022,0.002389593,0.035028838,ZK666.1,WBGene00014041,Public name for WBGene00014041. History: N.A.
ZK682.2,277.3834622,-0.503039676,0.000730244,0.014084294,ZK682.2,WBGene00022788,Sequence name for WBGene00022788(slc-17.7). History: N.A.
ZK945.2,301.0058863,0.587269479,2.62e-06,0.000119502,ZK945.2,WBGene00003928,Sequence name for WBGene00003928(pas-7). History: N.A.
ZK973.6,8389.482367,-0.867978701,7.82e-08,4.98e-06,ZK973.6,WBGene00000140,Sequence name for WBGene00000140(anc-1). History: N.A.
