# Supplementary File 5,Sheet 10: mRNAs significantly down-regulated 2 fold or greater in simr-1 mutant animals at 25ÂºC for 10 generations.
Gene name,log2FoldChange (relative to wt gen1),log2FoldChange (relative to wt gen10),Input,Suggested Match,History
WBGene00016017,-7.54087657825264,-2.15735067361105,WBGene00016017,WBGene00016017,History: N.A.
WBGene00018913,-7.00896846824121,-2.29558584761648,WBGene00018913,WBGene00018913,History: N.A.
WBGene00010790,-6.67917205325051,-1.71812926083656,WBGene00010790,WBGene00010790,History: Renamed on 2004-08-25; Renamed on 2021-12-09
WBGene00001477,-6.67601525029571,-1.89446110212599,WBGene00001477,WBGene00001477,History: N.A.
WBGene00044719,-6.57533795780417,-2.05241848088775,WBGene00044719,WBGene00044719,History: N.A.
WBGene00009778,-6.05726513353027,-1.79336226543458,WBGene00009778,WBGene00009778,History: N.A.
WBGene00012070,-5.92758453046573,-2.23255434671908,WBGene00012070,WBGene00012070,History: N.A.
WBGene00014046,-5.80905374157984,-1.0466507121717,WBGene00014046,WBGene00014046,History: N.A.
WBGene00007758,-5.80099385549694,-1.10427866420129,WBGene00007758,WBGene00007758,History: N.A.
WBGene00011677,-5.70192264067861,-2.69554387207822,WBGene00011677,WBGene00011677,History: N.A.
WBGene00009261,-5.48023900752979,-3.62893904775348,WBGene00009261,WBGene00009261,"History: Split into F30A10.13(WBGene00044680). History of WBGene00009261: Split into ""WBGene00044680"" on 2005-11-21"
WBGene00011427,-5.31865025200904,-2.81401979997789,WBGene00011427,WBGene00011427,"History: Split into T04C12.11(WBGene00077693). History of WBGene00011427: Split into ""WBGene00077693"" on 2008-03-27"
WBGene00044242,-5.28523593367558,-1.70084782160281,WBGene00044242,WBGene00044242,History: N.A.
WBGene00008295,-5.19321353127104,-1.44808286290005,WBGene00008295,WBGene00008295,History: N.A.
WBGene00002102,-5.18351152037248,-4.7791494378872,WBGene00002102,WBGene00002102,History: N.A.
WBGene00005228,-5.07049763876447,-2.36575049117177,WBGene00005228,WBGene00005228,History: N.A.
WBGene00000893,-5.0134610967374,-4.14271398010561,WBGene00000893,WBGene00000893,"History: Split into ZC250.5(WBGene00045306). History of WBGene00000893: Split into ""WBGene00045306"" on 2007-03-02"
WBGene00007560,-4.94289685353705,-3.12271780841996,WBGene00007560,WBGene00007560,History: N.A.
WBGene00012540,-4.93702913886041,-2.80915130261279,WBGene00012540,WBGene00012540,History: N.A.
WBGene00012673,-4.91949144075769,-3.84507349837138,WBGene00012673,WBGene00012673,History: N.A.
WBGene00020250,-4.91842736523173,-4.79876863507982,WBGene00020250,WBGene00020250,History: N.A.
WBGene00022577,-4.72384901858926,-3.65205039861808,WBGene00022577,WBGene00022577,History: N.A.
WBGene00019699,-4.71707163674421,-1.06731359541904,WBGene00019699,WBGene00019699,"History: Split into M01D1.12(WBGene00269373). History of WBGene00019699: Split into ""WBGene00269373"" on 2015-12-02"
WBGene00010285,-4.58016467481842,-2.59532835671039,WBGene00010285,WBGene00010285,History: N.A.
WBGene00017018,-4.54573616291672,-4.22881333598333,WBGene00017018,WBGene00017018,History: N.A.
WBGene00022024,-4.50936824313311,-2.84553112730352,WBGene00022024,WBGene00022024,History: N.A.
WBGene00007203,-4.49526563399954,-1.21620679680222,WBGene00007203,WBGene00007203,History: N.A.
WBGene00044024,-4.47363321756047,-1.6109955959302,WBGene00044024,WBGene00044024,History: N.A.
WBGene00011508,-4.37694849856447,-1.04278573300108,WBGene00011508,WBGene00011508,History: N.A.
WBGene00016923,-4.37182045779276,-1.15687352443534,WBGene00016923,WBGene00016923,History: N.A.
WBGene00018295,-4.25621548300783,-3.49772040856991,WBGene00018295,WBGene00018295,History: N.A.
WBGene00007264,-4.25443775692561,-2.83059228846448,WBGene00007264,WBGene00007264,History: N.A.
WBGene00013761,-4.25418994232439,-4.31537423647698,WBGene00013761,WBGene00013761,History: N.A.
WBGene00077558,-4.22288266288194,-2.67181335598542,WBGene00077558,WBGene00077558,History: N.A.
WBGene00019184,-4.17520557993829,-2.47877068363693,WBGene00019184,WBGene00019184,History: N.A.
WBGene00015599,-4.17194531915023,-1.81700019151553,WBGene00015599,WBGene00015599,History: N.A.
WBGene00044772,-4.13266168909647,-2.18214112519346,WBGene00044772,WBGene00044772,History: N.A.
WBGene00001119,-4.08496180520014,-3.63336337708086,WBGene00001119,WBGene00001119,History: N.A.
WBGene00007682,-4.0647816658373,-2.46128432813468,WBGene00007682,WBGene00007682,History: N.A.
WBGene00000705,-4.03856956314428,-4.59345940840629,WBGene00000705,WBGene00000705,History: N.A.
WBGene00009355,-4.03492712382678,-2.88977237200879,WBGene00009355,WBGene00009355,History: N.A.
WBGene00004998,-4.00574402908589,-3.42691813130023,WBGene00004998,WBGene00004998,History: N.A.
WBGene00044807,-3.91787954785608,-1.24984107830354,WBGene00044807,WBGene00044807,History: N.A.
WBGene00015993,-3.89692860040412,-1.91221024478434,WBGene00015993,WBGene00015993,History: N.A.
WBGene00022038,-3.88491072355181,-3.08539227418587,WBGene00022038,WBGene00022038,History: N.A.
WBGene00012878,-3.79858220911555,-1.42499047165609,WBGene00012878,WBGene00012878,History: N.A.
WBGene00003473,-3.77695370732547,-1.16203330614144,WBGene00003473,WBGene00003473,History: N.A.
WBGene00017307,-3.77064695868886,-2.55765901092163,WBGene00017307,WBGene00017307,History: N.A.
WBGene00011997,-3.76563284226493,-1.77858928904922,WBGene00011997,WBGene00011997,History: N.A.
WBGene00011596,-3.76051008495203,-1.31800054832015,WBGene00011596,WBGene00011596,History: N.A.
WBGene00022415,-3.68578356804664,-3.54718562784844,WBGene00022415,WBGene00022415,History: N.A.
WBGene00021491,-3.64512260869714,-1.09179649988212,WBGene00021491,WBGene00021491,History: N.A.
WBGene00016953,-3.57647897590001,-2.28436578006793,WBGene00016953,WBGene00016953,History: N.A.
WBGene00019154,-3.56366256143816,-2.52879791817814,WBGene00019154,WBGene00019154,History: N.A.
WBGene00012448,-3.53637745962776,-1.34653810565813,WBGene00012448,WBGene00012448,History: N.A.
WBGene00007365,-3.47929884045428,-1.05390897080284,WBGene00007365,WBGene00007365,History: N.A.
WBGene00007957,-3.4241209546736,-1.42957350001444,WBGene00007957,WBGene00007957,History: N.A.
WBGene00235268,-3.37796182785261,-2.79558962446362,WBGene00235268,WBGene00235268,History: N.A.
WBGene00001055,-3.3582151668642,-1.47509086328241,WBGene00001055,WBGene00001055,History: N.A.
WBGene00023501,-3.32311192643404,-1.88442215004316,WBGene00023501,WBGene00023501,History: N.A.
WBGene00007883,-3.31632934184652,-1.09279895260194,WBGene00007883,WBGene00007883,History: N.A.
WBGene00021002,-3.25018911860341,-1.23029420884247,WBGene00021002,WBGene00021002,History: N.A.
WBGene00020613,-3.22651476509697,-1.36214915343973,WBGene00020613,WBGene00020613,History: N.A.
WBGene00007459,-3.22341470240314,-1.36835170103396,WBGene00007459,WBGene00007459,History: N.A.
WBGene00010184,-3.14053451937781,-1.8486300723103,WBGene00010184,WBGene00010184,History: N.A.
WBGene00000690,-3.09747524273688,-1.17990404951077,WBGene00000690,WBGene00000690,History: N.A.
WBGene00008597,-3.07728664913279,-1.41378365786762,WBGene00008597,WBGene00008597,History: N.A.
WBGene00006775,-3.05547737170884,-2.39454903261439,WBGene00006775,WBGene00006775,History: N.A.
WBGene00018750,-3.05540710796586,-2.31389613874505,WBGene00018750,WBGene00018750,History: N.A.
WBGene00010768,-3.02423158947894,-1.49429606873451,WBGene00010768,WBGene00010768,History: N.A.
WBGene00017421,-3.00988012892449,-2.3871486624,WBGene00017421,WBGene00017421,History: N.A.
WBGene00000535,-2.97115816846849,-1.26880739504363,WBGene00000535,WBGene00000535,History: Renamed on 2006-01-04
WBGene00021703,-2.94821738008689,-1.48320529296473,WBGene00021703,WBGene00021703,History: N.A.
WBGene00008359,-2.94453343582874,-2.13115598874342,WBGene00008359,WBGene00008359,History: N.A.
WBGene00001714,-2.9131475852052,-2.30578417418859,WBGene00001714,WBGene00001714,History: N.A.
WBGene00001716,-2.88894023567719,-3.61188346514892,WBGene00001716,WBGene00001716,History: N.A.
WBGene00018748,-2.87431340303675,-2.68041839166929,WBGene00018748,WBGene00018748,History: N.A.
WBGene00001724,-2.86630410468948,-1.49480976421117,WBGene00001724,WBGene00001724,History: N.A.
WBGene00007210,-2.81855646234505,-2.10308513983319,WBGene00007210,WBGene00007210,History: Renamed on 2015-03-25
WBGene00008357,-2.79986596215437,-1.57777222924584,WBGene00008357,WBGene00008357,History: N.A.
WBGene00006947,-2.79770068680867,-1.81501231050152,WBGene00006947,WBGene00006947,History: N.A.
WBGene00015340,-2.78307741231654,-1.2924281541056,WBGene00015340,WBGene00015340,History: N.A.
WBGene00019113,-2.77445991139796,-1.38699810719849,WBGene00019113,WBGene00019113,History: N.A.
WBGene00006980,-2.7429032601546,-1.07473706826006,WBGene00006980,WBGene00006980,History: N.A.
WBGene00001564,-2.74134180650356,-1.15327822623054,WBGene00001564,WBGene00001564,History: Renamed on 2010-11-16
WBGene00006948,-2.73029442404979,-3.15495987121116,WBGene00006948,WBGene00006948,History: N.A.
WBGene00010223,-2.72630201536064,-1.00501534213289,WBGene00010223,WBGene00010223,History: N.A.
WBGene00016805,-2.72280194640391,-1.63388217503486,WBGene00016805,WBGene00016805,History: N.A.
WBGene00019314,-2.72093671399277,-1.90481849896867,WBGene00019314,WBGene00019314,History: N.A.
WBGene00010835,-2.68598409561838,-1.98815453633281,WBGene00010835,WBGene00010835,History: N.A.
WBGene00011437,-2.6435755707628,-1.19776170338909,WBGene00011437,WBGene00011437,History: Renamed on 2018-12-11
WBGene00019840,-2.63383527934412,-1.94695495035605,WBGene00019840,WBGene00019840,History: N.A.
WBGene00045208,-2.61581548550059,-2.39324532661178,WBGene00045208,WBGene00045208,History: N.A.
WBGene00018242,-2.6125204775216,-2.65514410023889,WBGene00018242,WBGene00018242,History: N.A.
WBGene00019368,-2.58537775878584,-1.22302102939708,WBGene00019368,WBGene00019368,History: N.A.
WBGene00006665,-2.58322109396999,-2.80381872899601,WBGene00006665,WBGene00006665,History: N.A.
WBGene00017991,-2.58115237594737,-3.57575245444402,WBGene00017991,WBGene00017991,History: N.A.
WBGene00019839,-2.57204210996653,-1.5721465810725,WBGene00019839,WBGene00019839,History: N.A.
WBGene00021389,-2.54565524579254,-1.83423887648846,WBGene00021389,WBGene00021389,History: N.A.
WBGene00016193,-2.49755571687595,-1.37593532380332,WBGene00016193,WBGene00016193,History: N.A.
WBGene00011927,-2.49673124031177,-1.12920239735586,WBGene00011927,WBGene00011927,History: N.A.
WBGene00017340,-2.49585802976186,-1.21149727132786,WBGene00017340,WBGene00017340,History: N.A.
WBGene00012783,-2.47634731766749,-1.12714707405245,WBGene00012783,WBGene00012783,History: N.A.
WBGene00045067,-2.4751414178328,-1.74908377445253,WBGene00045067,WBGene00045067,History: N.A.
WBGene00007288,-2.46231224356298,-1.17104933032053,WBGene00007288,WBGene00007288,History: N.A.
WBGene00017153,-2.46185458442483,-1.59892544267332,WBGene00017153,WBGene00017153,History: N.A.
WBGene00017306,-2.45101660082899,-1.57016848630644,WBGene00017306,WBGene00017306,"History: Split into F09F9.5(WBGene00045395). History of WBGene00017306: Split into ""WBGene00045395"" on 2007-04-24"
WBGene00019623,-2.4505532910666,-2.66426636565425,WBGene00019623,WBGene00019623,History: N.A.
WBGene00008851,-2.44802569978034,-1.44425041652921,WBGene00008851,WBGene00008851,History: N.A.
WBGene00008655,-2.4463407296992,-1.58861961895814,WBGene00008655,WBGene00008655,History: N.A.
WBGene00008360,-2.4459075903468,-1.38689673329947,WBGene00008360,WBGene00008360,History: N.A.
WBGene00077490,-2.44562330894935,-2.15837533246582,WBGene00077490,WBGene00077490,History: N.A.
WBGene00008621,-2.44209988197286,-1.27411914300333,WBGene00008621,WBGene00008621,History: N.A.
WBGene00077444,-2.41770047196299,-2.48797533217122,WBGene00077444,WBGene00077444,History: N.A.
WBGene00016403,-2.40900929000389,-2.45102565349203,WBGene00016403,WBGene00016403,History: N.A.
WBGene00189956,-2.39108619618012,-1.02653982743874,WBGene00189956,WBGene00189956,History: N.A.
WBGene00015339,-2.38299036442818,-2.29470856764328,WBGene00015339,WBGene00015339,History: N.A.
WBGene00008522,-2.37370168607463,-1.3617098528905,WBGene00008522,WBGene00008522,History: N.A.
WBGene00016795,-2.36838695458146,-1.83064960853485,WBGene00016795,WBGene00016795,History: N.A.
WBGene00015781,-2.36620830397876,-2.17378281883875,WBGene00015781,WBGene00015781,History: N.A.
WBGene00009700,-2.36049934136329,-1.19225573624288,WBGene00009700,WBGene00009700,History: N.A.
WBGene00044350,-2.35137516292863,-1.04977706587269,WBGene00044350,WBGene00044350,History: N.A.
WBGene00002016,-2.33510686714693,-1.15863415142035,WBGene00002016,WBGene00002016,History: N.A.
WBGene00010723,-2.3163208020871,-1.74493536162658,WBGene00010723,WBGene00010723,History: N.A.
WBGene00018005,-2.30642855404102,-1.94583636808715,WBGene00018005,WBGene00018005,History: N.A.
WBGene00010267,-2.30536312807651,-2.18160413408372,WBGene00010267,WBGene00010267,History: N.A.
WBGene00013899,-2.30074023551758,-1.12145492369448,WBGene00013899,WBGene00013899,History: N.A.
WBGene00017267,-2.30046281608897,-1.14158095918831,WBGene00017267,WBGene00017267,"History: Split into F08F8.11(WBGene00269381). History of WBGene00017267: Split into ""WBGene00269381"" on 2016-02-18"
WBGene00017270,-2.30046281608897,-1.14158095918831,WBGene00017270,WBGene00017270,History: N.A.
WBGene00000013,-2.29137727548183,-1.55871024585963,WBGene00000013,WBGene00000013,History: N.A.
WBGene00007916,-2.28843629532934,-1.91082624374114,WBGene00007916,WBGene00007916,History: N.A.
WBGene00013891,-2.28340698559991,-1.85530885486107,WBGene00013891,WBGene00013891,History: N.A.
WBGene00017654,-2.26375969248444,-1.33981340240821,WBGene00017654,WBGene00017654,History: N.A.
WBGene00044283,-2.25327729887644,-1.10496208979513,WBGene00044283,WBGene00044283,History: N.A.
WBGene00044623,-2.25269582736055,-2.86088802965685,WBGene00044623,WBGene00044623,"History: Split into T23F2.13(WBGene00303081). History of WBGene00044623: Renamed on 2008-04-18; Renamed on 2008-04-18; Split into ""WBGene00303081"" on 2018-03-02"
WBGene00045183,-2.23667808515913,-2.07535626189656,WBGene00045183,WBGene00045183,History: N.A.
WBGene00013852,-2.23561721682111,-2.64222895010674,WBGene00013852,WBGene00013852,History: N.A.
WBGene00002018,-2.22064522811104,-1.25628478142982,WBGene00002018,WBGene00002018,History: N.A.
WBGene00010320,-2.22021968141197,-1.51389027643751,WBGene00010320,WBGene00010320,History: N.A.
WBGene00017998,-2.19289758581746,-2.39976396939439,WBGene00017998,WBGene00017998,History: N.A.
WBGene00195209,-2.18632218248563,-1.60657602055407,WBGene00195209,WBGene00195209,History: N.A.
WBGene00003850,-2.1782326156888,-1.67127980391712,WBGene00003850,WBGene00003850,History: N.A.
WBGene00021263,-2.16919367585238,-1.16821217535169,WBGene00021263,WBGene00021263,History: N.A.
WBGene00018297,-2.15738062027518,-1.75302667732479,WBGene00018297,WBGene00018297,History: N.A.
WBGene00013146,-2.15722229357357,-1.32157928889172,WBGene00013146,WBGene00013146,History: N.A.
WBGene00001989,-2.14322118175644,-1.9319981832621,WBGene00001989,WBGene00001989,History: N.A.
WBGene00008358,-2.12394950956288,-1.57760163341302,WBGene00008358,WBGene00008358,History: N.A.
WBGene00017127,-2.11860167627816,-1.09002038323821,WBGene00017127,WBGene00017127,History: N.A.
WBGene00013585,-2.11181401794821,-1.16715220029023,WBGene00013585,WBGene00013585,History: N.A.
WBGene00009724,-2.10845556291795,-1.88081490601371,WBGene00009724,WBGene00009724,History: N.A.
WBGene00017225,-2.1010469348993,-2.22954407029821,WBGene00017225,WBGene00017225,History: N.A.
WBGene00006611,-2.09241407089945,-1.71856702825348,WBGene00006611,WBGene00006611,History: N.A.
WBGene00021986,-2.07660986295354,-2.3317954791837,WBGene00021986,WBGene00021986,History: N.A.
WBGene00021978,-2.06231338764893,-1.66213215731796,WBGene00021978,WBGene00021978,History: N.A.
WBGene00011643,-2.06121130154547,-1.52112525563405,WBGene00011643,WBGene00011643,History: Renamed on 2015-04-29
WBGene00012032,-2.04159383173912,-1.74994718295199,WBGene00012032,WBGene00012032,History: N.A.
WBGene00003385,-2.03979731936604,-1.07874948373879,WBGene00003385,WBGene00003385,History: N.A.
WBGene00014055,-2.03803334305762,-1.03990742867013,WBGene00014055,WBGene00014055,History: N.A.
WBGene00010262,-2.02133283110212,-1.31202321412772,WBGene00010262,WBGene00010262,History: N.A.
WBGene00007495,-2.01973298233003,-1.58880838881749,WBGene00007495,WBGene00007495,History: N.A.
WBGene00008462,-2.00833078707799,-1.4008441994282,WBGene00008462,WBGene00008462,"History: Split into E02H4.7(WBGene00077757). History of WBGene00008462: Split into ""WBGene00077757"" on 2008-05-23"
WBGene00004236,-1.99491943606912,-1.93841333374211,WBGene00004236,WBGene00004236,History: N.A.
WBGene00016329,-1.98574978968593,-1.94710704916783,WBGene00016329,WBGene00016329,History: N.A.
WBGene00020976,-1.98498745308453,-1.5964454636931,WBGene00020976,WBGene00020976,History: N.A.
WBGene00008150,-1.97371112273988,-1.97560805484964,WBGene00008150,WBGene00008150,History: N.A.
WBGene00019750,-1.93945699399071,-1.48369228461845,WBGene00019750,WBGene00019750,History: N.A.
WBGene00015476,-1.92640634063332,-1.27519181828859,WBGene00015476,WBGene00015476,History: N.A.
WBGene00002087,-1.92305424285048,-1.57162476169475,WBGene00002087,WBGene00002087,History: N.A.
WBGene00010958,-1.92211768605062,-1.64370500367342,WBGene00010958,WBGene00010958,History: N.A.
WBGene00022283,-1.91799900114052,-1.29513610635208,WBGene00022283,WBGene00022283,History: N.A.
WBGene00006636,-1.91329921624897,-1.15814753586013,WBGene00006636,WBGene00006636,History: N.A.
WBGene00015178,-1.89694704967469,-2.55369836040203,WBGene00015178,WBGene00015178,History: N.A.
WBGene00023416,-1.89565477298248,-1.56391072615109,WBGene00023416,WBGene00023416,History: Renamed on 2014-03-04
WBGene00007006,-1.89321303072768,-2.18408932684042,WBGene00007006,WBGene00007006,History: N.A.
WBGene00020125,-1.89093156576066,-2.02045594777839,WBGene00020125,WBGene00020125,History: N.A.
WBGene00006522,-1.87430744312389,-1.66262068573207,WBGene00006522,WBGene00006522,"History: Split into ""WBGene00195085"" on 2010-05-06"
WBGene00017484,-1.85717367446475,-1.48309837297386,WBGene00017484,WBGene00017484,History: N.A.
WBGene00012867,-1.84996440487739,-1.38663781755874,WBGene00012867,WBGene00012867,History: N.A.
WBGene00008760,-1.84331524612679,-1.11429914636866,WBGene00008760,WBGene00008760,History: N.A.
WBGene00018737,-1.84047953618515,-1.90568681852458,WBGene00018737,WBGene00044621,"History: Merged into ""WBGene00044621"" on 2020-07-30. Remark: [2020-07-30T16:54:45.386Z WBPerson1983] Gene Merged into WBGene00044621: bus-5 confirmed as this sequenced loci also known as rml-2...F53B1.4 - name transferred to bus-5"
WBGene00044779,-1.82362801113784,-1.23622013319482,WBGene00044779,WBGene00044779,History: N.A.
WBGene00015934,-1.81763082529854,-1.27150498349982,WBGene00015934,WBGene00015934,History: N.A.
WBGene00016146,-1.81554166754866,-1.73123093811091,WBGene00016146,WBGene00016146,History: N.A.
WBGene00019520,-1.81036929078307,-2.18999121168137,WBGene00019520,WBGene00019520,History: N.A.
WBGene00044901,-1.80450996317332,-1.51140927240098,WBGene00044901,WBGene00044901,History: N.A.
WBGene00017535,-1.7950122559535,-1.83075817996568,WBGene00017535,WBGene00017535,History: N.A.
WBGene00020554,-1.78192414385589,-1.93940582342846,WBGene00020554,WBGene00020554,History: N.A.
WBGene00008215,-1.7725949278267,-1.68541311634805,WBGene00008215,WBGene00008215,History: N.A.
WBGene00022797,-1.75670603157407,-1.25140955530846,WBGene00022797,WBGene00022797,History: N.A.
WBGene00008858,-1.74288496983175,-1.0640443443206,WBGene00008858,WBGene00008858,History: N.A.
WBGene00219208,-1.71759611751785,-1.23337163448378,WBGene00219208,WBGene00219208,History: N.A.
WBGene00017716,-1.71326467786647,-1.50865552753207,WBGene00017716,WBGene00017716,History: N.A.
WBGene00003029,-1.70443587669583,-1.63624421694866,WBGene00003029,WBGene00003029,History: N.A.
WBGene00000969,-1.68763647852732,-1.08609385912174,WBGene00000969,WBGene00000969,History: N.A.
WBGene00007890,-1.6836157123216,-1.63118722677855,WBGene00007890,WBGene00007890,History: N.A.
WBGene00023486,-1.68003326201759,-1.30389162828302,WBGene00023486,WBGene00023486,History: N.A.
WBGene00009239,-1.66734397871864,-1.06682810719668,WBGene00009239,WBGene00009239,History: N.A.
WBGene00044553,-1.6631231152824,-1.06265163415287,WBGene00044553,WBGene00044553,History: N.A.
WBGene00011530,-1.64409187885753,-1.96915243106676,WBGene00011530,WBGene00011530,History: N.A.
WBGene00020033,-1.64359303258631,-1.27799120778622,WBGene00020033,WBGene00020033,History: N.A.
WBGene00019426,-1.6327143888725,-1.89471877302898,WBGene00019426,WBGene00019426,History: N.A.
WBGene00015231,-1.61651813930423,-1.09011757308194,WBGene00015231,WBGene00015231,History: N.A.
WBGene00019472,-1.60721890164265,-1.10401058203354,WBGene00019472,WBGene00019472,History: Renamed on 2004-08-25
WBGene00001069,-1.60020754612593,-3.0544809455946,WBGene00001069,WBGene00001069,History: N.A.
WBGene00006538,-1.5937670878425,-1.38110415868078,WBGene00006538,WBGene00006538,History: N.A.
WBGene00004052,-1.57380453492537,-1.166342732333,WBGene00004052,WBGene00004052,History: Renamed on 2014-11-18
WBGene00000170,-1.55585450871499,-1.04014026598883,WBGene00000170,WBGene00000170,History: N.A.
WBGene00016468,-1.54125381561178,-1.47634792473671,WBGene00016468,WBGene00016468,History: N.A.
WBGene00010175,-1.54005959898536,-1.29261943112591,WBGene00010175,WBGene00010175,History: N.A.
WBGene00015294,-1.53427200142156,-1.45858745506218,WBGene00015294,WBGene00015294,History: N.A.
WBGene00012255,-1.5333280154994,-2.83419729680953,WBGene00012255,WBGene00012255,History: N.A.
WBGene00009304,-1.52961715620242,-1.31797181421027,WBGene00009304,WBGene00009304,History: Renamed on 2007-10-09
WBGene00008543,-1.52477366536856,-1.41778532539996,WBGene00008543,WBGene00008543,History: N.A.
WBGene00013516,-1.52371831005314,-1.02915875458473,WBGene00013516,WBGene00013516,History: N.A.
WBGene00011328,-1.52331953065846,-1.98155260171468,WBGene00011328,WBGene00011328,History: N.A.
WBGene00000463,-1.51770335339196,-1.49950379848327,WBGene00000463,WBGene00000463,History: Renamed on 2013-07-26
WBGene00018215,-1.50145918310481,-1.93308175313583,WBGene00018215,WBGene00018215,History: N.A.
WBGene00021094,-1.50012174831692,-1.48690938823694,WBGene00021094,WBGene00021094,History: N.A.
WBGene00017429,-1.49371006065246,-1.35387160698569,WBGene00017429,WBGene00017429,History: N.A.
WBGene00014053,-1.49170039690495,-1.1892198592195,WBGene00014053,WBGene00014053,History: N.A.
WBGene00008519,-1.4864663500606,-1.57904670478269,WBGene00008519,WBGene00008519,"History: Split into C29F7.8(WBGene00044405). History of WBGene00008519: Split into ""WBGene00044405"" on 2005-05-27"
WBGene00077775,-1.48642979598187,-1.39658173343503,WBGene00077775,WBGene00077775,History: N.A.
WBGene00006983,-1.48229786624257,-1.29352653150654,WBGene00006983,WBGene00006983,History: N.A.
WBGene00017292,-1.48103765215318,-1.02014226094091,WBGene00017292,WBGene00017292,History: N.A.
WBGene00017597,-1.48025055233187,-1.40532551961585,WBGene00017597,WBGene00017597,History: N.A.
WBGene00007112,-1.47664171572595,-1.01797499240217,WBGene00007112,WBGene00007112,History: N.A.
WBGene00013499,-1.47527170908005,-1.2393950870271,WBGene00013499,WBGene00013499,History: N.A.
WBGene00016009,-1.4721486898139,-1.06604948088623,WBGene00016009,WBGene00016009,History: N.A.
WBGene00006852,-1.46896424969965,-1.20577793888464,WBGene00006852,WBGene00006852,History: N.A.
WBGene00020047,-1.46670601283984,-1.07551721093832,WBGene00020047,WBGene00020047,History: N.A.
WBGene00022730,-1.4622124281179,-2.08978769588593,WBGene00022730,WBGene00022730,History: N.A.
WBGene00018787,-1.45060675947436,-1.41697807053323,WBGene00018787,WBGene00018787,History: N.A.
WBGene00045253,-1.44864069288826,-1.01547973342084,WBGene00045253,WBGene00045253,History: N.A.
WBGene00017637,-1.44080487671124,-1.145567958723,WBGene00017637,WBGene00017637,History: N.A.
WBGene00001064,-1.43746441703044,-2.90032725227709,WBGene00001064,WBGene00001064,History: N.A.
WBGene00010742,-1.43600030838633,-1.56144996062973,WBGene00010742,WBGene00010742,History: N.A.
WBGene00019597,-1.43525664723369,-1.28923539044576,WBGene00019597,WBGene00019597,"History: Split into K09H9.8(WBGene00045387). History of WBGene00019597: Split into ""WBGene00045387"" on 2007-04-27"
WBGene00045238,-1.43395841614764,-1.49734893734631,WBGene00045238,WBGene00045238,History: N.A.
WBGene00019968,-1.43037947430965,-1.44637357686979,WBGene00019968,WBGene00019968,History: N.A.
WBGene00017838,-1.42271606445749,-1.11831637450576,WBGene00017838,WBGene00017838,History: N.A.
WBGene00015002,-1.42133023285869,-1.20560831421191,WBGene00015002,WBGene00015002,History: N.A.
WBGene00011018,-1.42065334432768,-2.1482662423586,WBGene00011018,WBGene00011018,"History: Split into K01G12.22(WBGene00271789). History of WBGene00011018: Split into ""WBGene00271789"" on 2017-09-21"
WBGene00009100,-1.41341886098235,-1.30256871635225,WBGene00009100,WBGene00009100,History: N.A.
WBGene00018403,-1.41111838698427,-1.04026965359061,WBGene00018403,WBGene00018403,History: N.A.
WBGene00008886,-1.40508224690628,-1.51168508986487,WBGene00008886,WBGene00008886,History: N.A.
WBGene00003031,-1.37823052818888,-1.116720734727,WBGene00003031,WBGene00003031,History: N.A.
WBGene00003675,-1.37698356057569,-1.6797525144473,WBGene00003675,WBGene00003675,History: N.A.
WBGene00007430,-1.36652193365757,-1.10312930447065,WBGene00007430,WBGene00007430,History: N.A.
WBGene00018261,-1.36567400594152,-1.01803990320622,WBGene00018261,WBGene00018261,History: N.A.
WBGene00010966,-1.36441504787137,-1.60283087202426,WBGene00010966,WBGene00010966,History: N.A.
WBGene00000599,-1.35352215340529,-2.35716307185215,WBGene00000599,WBGene00000599,History: N.A.
WBGene00017938,-1.35329177383412,-1.64185243530061,WBGene00017938,WBGene00017938,History: N.A.
WBGene00000928,-1.35290476563794,-3.04168853441202,WBGene00000928,WBGene00000928,History: N.A.
WBGene00011428,-1.34528120574294,-1.22081925115797,WBGene00011428,WBGene00011428,History: N.A.
WBGene00016071,-1.34341411637619,-1.50874656554863,WBGene00016071,WBGene00016071,"History: Split into C24H12.19(WBGene00235338). History of WBGene00016071: Split into ""WBGene00235338"" on 2013-09-12"
WBGene00016003,-1.34195892037813,-1.19603120229403,WBGene00016003,WBGene00016003,History: N.A.
WBGene00012257,-1.33710555617171,-2.91661479424826,WBGene00012257,WBGene00012257,History: N.A.
WBGene00044035,-1.30681539470416,-1.57327385763255,WBGene00044035,WBGene00044035,History: N.A.
WBGene00016359,-1.30038816876423,-1.19707344575315,WBGene00016359,WBGene00016359,History: N.A.
WBGene00015729,-1.29516997377891,-1.4437830202616,WBGene00015729,WBGene00015729,History: N.A.
WBGene00043994,-1.28662860579884,-1.18802624155304,WBGene00043994,WBGene00043994,History: N.A.
WBGene00009723,-1.28222819721628,-1.50897602412158,WBGene00009723,WBGene00009723,History: N.A.
WBGene00017193,-1.27805133056404,-1.45303292328443,WBGene00017193,WBGene00017193,History: N.A.
WBGene00001791,-1.27274604733905,-1.10062312010203,WBGene00001791,WBGene00001791,History: N.A.
WBGene00011812,-1.25847974431051,-1.70851905241669,WBGene00011812,WBGene00011812,History: N.A.
WBGene00012880,-1.25765271962292,-1.03937277634369,WBGene00012880,WBGene00012880,History: N.A.
WBGene00008233,-1.25754745454755,-1.82728317384351,WBGene00008233,WBGene00008233,History: N.A.
WBGene00004264,-1.2526508355191,-1.98132482120967,WBGene00004264,WBGene00004264,History: N.A.
WBGene00015592,-1.25224166061302,-1.30972989751189,WBGene00015592,WBGene00015592,History: N.A.
WBGene00001242,-1.25094762625693,-1.02151141087055,WBGene00001242,WBGene00001242,History: N.A.
WBGene00012433,-1.24841931073984,-1.18834774379676,WBGene00012433,WBGene00012433,History: N.A.
WBGene00002030,-1.23469779959466,-1.24270520831658,WBGene00002030,WBGene00002030,History: Renamed on 2006-09-21
WBGene00004359,-1.22090187361697,-1.40847106920479,WBGene00004359,WBGene00004359,History: N.A.
WBGene00000950,-1.21038366431452,-1.44996274438722,WBGene00000950,WBGene00000950,History: N.A.
WBGene00007515,-1.20845641985205,-2.15209065388539,WBGene00007515,WBGene00007515,History: N.A.
WBGene00019655,-1.20590643018082,-1.49453505529022,WBGene00019655,WBGene00019655,History: N.A.
WBGene00005018,-1.19832320800065,-1.71377238848368,WBGene00005018,WBGene00005018,History: Renamed on 2005-08-23
WBGene00019495,-1.19304057362632,-1.81759004448079,WBGene00019495,WBGene00019495,History: N.A.
WBGene00000739,-1.18925902167276,-1.35322465158984,WBGene00000739,WBGene00000739,History: N.A.
WBGene00006956,-1.18370378319589,-2.56549420401738,WBGene00006956,WBGene00006956,History: N.A.
WBGene00000720,-1.16882286552449,-1.95880430645583,WBGene00000720,WBGene00000720,History: N.A.
WBGene00010931,-1.16828232767826,-1.63845734595188,WBGene00010931,WBGene00010931,History: N.A.
WBGene00010573,-1.16768057748834,-1.60166527225436,WBGene00010573,WBGene00010573,History: N.A.
WBGene00013008,-1.16227501225623,-1.90661618379951,WBGene00013008,WBGene00013008,History: N.A.
WBGene00015504,-1.15791737741787,-1.84955451544843,WBGene00015504,WBGene00015504,History: N.A.
WBGene00011383,-1.15485960895607,-1.33533571181009,WBGene00011383,WBGene00011383,History: N.A.
WBGene00016088,-1.15118537164488,-1.62785106759247,WBGene00016088,WBGene00016088,History: N.A.
WBGene00077593,-1.14917088290302,-1.23480339525403,WBGene00077593,WBGene00077593,History: N.A.
WBGene00011763,-1.14382378616633,-1.48288570232672,WBGene00011763,WBGene00011763,History: N.A.
WBGene00004232,-1.13101890939925,-1.86291470177057,WBGene00004232,WBGene00004232,History: N.A.
WBGene00020566,-1.12108342075374,-1.25159092989529,WBGene00020566,WBGene00020566,History: N.A.
WBGene00012185,-1.11884660810078,-1.44362673318303,WBGene00012185,WBGene00012185,History: N.A.
WBGene00007304,-1.09798971727541,-1.04355424742709,WBGene00007304,WBGene00007304,History: N.A.
WBGene00010957,-1.09486114175195,-1.41305057074058,WBGene00010957,WBGene00010957,History: N.A.
WBGene00011235,-1.08609462598498,-1.32429772489025,WBGene00011235,WBGene00011235,History: N.A.
WBGene00003747,-1.08125077060668,-1.02333885673802,WBGene00003747,WBGene00003747,History: N.A.
WBGene00016914,-1.07595603605507,-1.2547173235129,WBGene00016914,WBGene00016914,History: N.A.
WBGene00009929,-1.07144178084932,-1.32666124884577,WBGene00009929,WBGene00009929,History: N.A.
WBGene00000740,-1.071295350467,-2.53572342817424,WBGene00000740,WBGene00000740,History: N.A.
WBGene00009349,-1.05956292999041,-1.38853312023892,WBGene00009349,WBGene00009349,History: N.A.
WBGene00000681,-1.05934745096907,-1.57589884728632,WBGene00000681,WBGene00000681,History: N.A.
WBGene00007347,-1.05085765729532,-1.01911190805599,WBGene00007347,WBGene00007347,History: N.A.
WBGene00001432,-1.04116535274657,-1.0326987847278,WBGene00001432,WBGene00001432,History: N.A.
WBGene00008605,-1.02828199371929,-1.88763644622409,WBGene00008605,WBGene00008605,History: N.A.
WBGene00001475,-1.0135006590942,-1.54540770442838,WBGene00001475,WBGene00001475,History: N.A.
WBGene00019300,-1.00613834018123,-1.13239892359358,WBGene00019300,WBGene00019300,History: N.A.
WBGene00018561,-1.00400738474353,-1.05978594931593,WBGene00018561,WBGene00018561,History: N.A.
